ts_code,name,market,publisher,category,base_date,base_point,list_date,symbol_num,market_id
000001.SH,上证指数,SSE,中证指数有限公司,综合指数,19901219,100,19910715,000001,1
000002.SH,上证A指,SSE,中证指数有限公司,规模指数,19901219,100,19920221,000002,1
000003.SH,B股指数,SSE,中证指数有限公司,规模指数,19920221,100,19920817,000003,1
000004.SH,工业指数,SSE,中证指数有限公司,行业指数,19930430,1358.78,19930503,000004,1
000005.SH,商业指数,SSE,中证指数有限公司,行业指数,19930430,1358.78,19930503,000005,1
000006.SH,地产指数,SSE,中证指数有限公司,行业指数,19930430,1358.78,19930503,000006,1
000007.SH,公用指数,SSE,中证指数有限公司,行业指数,19930430,1358.78,19930503,000007,1
000008.SH,综合指数,SSE,中证指数有限公司,行业指数,19930430,1358.78,19930503,000008,1
000009.SH,上证380,SSE,中证指数有限公司,规模指数,20031231,1000,20101129,000009,1
000010.SH,上证180,SSE,中证指数有限公司,规模指数,20020628,3299.06,20020701,000010,1
000015.SH,红利指数,SSE,中证指数有限公司,策略指数,20041231,1000,20050104,000015,1
000016.SH,上证50,SSE,中证指数有限公司,规模指数,20031231,1000,20040102,000016,1
000017.SH,新综指,SSE,中证指数有限公司,规模指数,20051230,1000,20060104,000017,1
000018.SH,180金融,SSE,中证指数有限公司,行业指数,20020628,1000,20071210,000018,1
000019.SH,治理指数,SSE,中证指数有限公司,主题指数,20070629,1000,20080102,000019,1
000020.SH,中型综指,SSE,中证指数有限公司,规模指数,20071228,1000,20080512,000020,1
000021.SH,180治理,SSE,中证指数有限公司,主题指数,20070629,1000,20080910,000021,1
000025.SH,180基建,SSE,中证指数有限公司,主题指数,20020628,1000,20081215,000025,1
000026.SH,180资源,SSE,中证指数有限公司,主题指数,20020628,1000,20081215,000026,1
000027.SH,180运输,SSE,中证指数有限公司,主题指数,20020628,1000,20081215,000027,1
000028.SH,180成长,SSE,中证指数有限公司,风格指数,20020628,1000,20090109,000028,1
000029.SH,180价值,SSE,中证指数有限公司,风格指数,20020628,1000,20090109,000029,1
000030.SH,180R成长,SSE,中证指数有限公司,风格指数,20020628,1000,20090109,000030,1
000031.SH,180R价值,SSE,中证指数有限公司,风格指数,20020628,1000,20090109,000031,1
000032.SH,上证能源,SSE,中证指数有限公司,一级行业指数,20031231,1000,20090109,000032,1
000033.SH,上证材料,SSE,中证指数有限公司,一级行业指数,20031231,1000,20090109,000033,1
000034.SH,上证工业,SSE,中证指数有限公司,一级行业指数,20031231,1000,20090109,000034,1
000035.SH,上证可选,SSE,中证指数有限公司,一级行业指数,20031231,1000,20090109,000035,1
000036.SH,上证消费,SSE,中证指数有限公司,一级行业指数,20031231,1000,20090109,000036,1
000037.SH,上证医药,SSE,中证指数有限公司,一级行业指数,20031231,1000,20090109,000037,1
000038.SH,上证金融,SSE,中证指数有限公司,主题指数,20031231,1000,20090109,000038,1
000039.SH,上证信息,SSE,中证指数有限公司,一级行业指数,20031231,1000,20090109,000039,1
000040.SH,上证通信,SSE,中证指数有限公司,一级行业指数,20031231,1000,20090109,000040,1
000041.SH,上证公用,SSE,中证指数有限公司,一级行业指数,20031231,1000,20090109,000041,1
000042.SH,上证央企,SSE,中证指数有限公司,主题指数,20081231,1000,20090330,000042,1
000043.SH,超大盘,SSE,中证指数有限公司,规模指数,20031231,1000,20090423,000043,1
000044.SH,上证中盘,SSE,中证指数有限公司,规模指数,20031231,1000,20090703,000044,1
000045.SH,上证小盘,SSE,中证指数有限公司,规模指数,20031231,1000,20090703,000045,1
000046.SH,上证中小,SSE,中证指数有限公司,规模指数,20031231,1000,20090703,000046,1
000047.SH,上证全指,SSE,中证指数有限公司,规模指数,20031231,1000,20090703,000047,1
000048.SH,责任指数,SSE,中证指数有限公司,主题指数,20090630,1000,20090805,000048,1
000049.SH,上证民企,SSE,中证指数有限公司,主题指数,20090630,1000,20090825,000049,1
000050.SH,50等权,SSE,中证指数有限公司,策略指数,20031231,1000,20110104,000050,1
000051.SH,180等权,SSE,中证指数有限公司,策略指数,20020628,3299.06,20110524,000051,1
000052.SH,50基本,SSE,中证指数有限公司,策略指数,20031231,1000,20120109,000052,1
000053.SH,180基本,SSE,中证指数有限公司,策略指数,20020628,3299.06,20120109,000053,1
000054.SH,上证海外,SSE,中证指数有限公司,主题指数,20061229,1000,20100104,000054,1
000055.SH,上证地企,SSE,中证指数有限公司,主题指数,20090630,1000,20100104,000055,1
000056.SH,上证国企,SSE,中证指数有限公司,主题指数,20090630,1000,20100104,000056,1
000057.SH,全指成长,SSE,中证指数有限公司,风格指数,20031231,1000,20100104,000057,1
000058.SH,全指价值,SSE,中证指数有限公司,风格指数,20031231,1000,20100104,000058,1
000059.SH,全R成长,SSE,中证指数有限公司,风格指数,20031231,1000,20100104,000059,1
000060.SH,全R价值,SSE,中证指数有限公司,风格指数,20031231,1000,20100104,000060,1
000062.SH,上证沪企,SSE,中证指数有限公司,主题指数,20051231,1000,20100104,000062,1
000063.SH,上证周期,SSE,中证指数有限公司,主题指数,20031231,1000,20100203,000063,1
000064.SH,非周期,SSE,中证指数有限公司,主题指数,20031231,1000,20100203,000064,1
000065.SH,上证龙头,SSE,中证指数有限公司,主题指数,20031231,1000,20100209,000065,1
000066.SH,上证商品,SSE,中证指数有限公司,主题指数,20031231,1000,20100430,000066,1
000067.SH,上证新兴,SSE,中证指数有限公司,主题指数,20031231,1000,20100430,000067,1
000068.SH,上证资源,SSE,中证指数有限公司,主题指数,20031231,1000,20100528,000068,1
000069.SH,消费80,SSE,中证指数有限公司,主题指数,20031231,1000,20100528,000069,1
000070.SH,能源等权,SSE,中证指数有限公司,策略指数,20031231,1000,20100818,000070,1
000071.SH,材料等权,SSE,中证指数有限公司,策略指数,20031231,1000,20100818,000071,1
000072.SH,工业等权,SSE,中证指数有限公司,策略指数,20031231,1000,20100818,000072,1
000073.SH,可选等权,SSE,中证指数有限公司,策略指数,20031231,1000,20100818,000073,1
000074.SH,消费等权,SSE,中证指数有限公司,策略指数,20031231,1000,20100818,000074,1
000075.SH,医药等权,SSE,中证指数有限公司,策略指数,20031231,1000,20100818,000075,1
000076.SH,金融等权,SSE,中证指数有限公司,策略指数,20031231,1000,20100818,000076,1
000077.SH,信息等权,SSE,中证指数有限公司,策略指数,20031231,1000,20100818,000077,1
000078.SH,通信等权,SSE,中证指数有限公司,策略指数,20031231,1000,20100818,000078,1
000079.SH,公用等权,SSE,中证指数有限公司,策略指数,20031231,1000,20100818,000079,1
000090.SH,上证流通,SSE,中证指数有限公司,规模指数,20091231,1000,20101202,000090,1
000091.SH,沪财中小,SSE,中证指数有限公司,策略指数,20041231,1000,20110406,000091,1
000092.SH,资源50,SSE,中证指数有限公司,主题指数,20031231,1000,20110510,000092,1
000093.SH,180分层,SSE,中证指数有限公司,策略指数,20020628,3299.06,20110524,000093,1
000094.SH,上证上游,SSE,中证指数有限公司,主题指数,20031231,1000,20110510,000094,1
000095.SH,上证中游,SSE,中证指数有限公司,主题指数,20031231,1000,20110510,000095,1
000096.SH,上证下游,SSE,中证指数有限公司,主题指数,20031231,1000,20110510,000096,1
000097.SH,高端装备,SSE,中证指数有限公司,主题指数,20041231,1000,20110524,000097,1
000098.SH,上证F200,SSE,中证指数有限公司,策略指数,20041231,1000,20110701,000098,1
000099.SH,上证F300,SSE,中证指数有限公司,策略指数,20041231,1000,20110701,000099,1
000100.SH,上证F500,SSE,中证指数有限公司,策略指数,20041231,1000,20110701,000100,1
000102.SH,沪投资品,SSE,中证指数有限公司,主题指数,20031231,1000,20110613,000102,1
000103.SH,沪消费品,SSE,中证指数有限公司,主题指数,20031231,1000,20110613,000103,1
000104.SH,380能源,SSE,中证指数有限公司,一级行业指数,20031231,1000,20110613,000104,1
000105.SH,380材料,SSE,中证指数有限公司,一级行业指数,20031231,1000,20110613,000105,1
000106.SH,380工业,SSE,中证指数有限公司,一级行业指数,20031231,1000,20110613,000106,1
000107.SH,380可选,SSE,中证指数有限公司,一级行业指数,20031231,1000,20110613,000107,1
000108.SH,380消费,SSE,中证指数有限公司,一级行业指数,20031231,1000,20110613,000108,1
000109.SH,380医药,SSE,中证指数有限公司,一级行业指数,20031231,1000,20110613,000109,1
000110.SH,380金融,SSE,中证指数有限公司,一级行业指数,20031231,1000,20110613,000110,1
000111.SH,380信息,SSE,中证指数有限公司,一级行业指数,20031231,1000,20110613,000111,1
000112.SH,380电信,SSE,中证指数有限公司,一级行业指数,20031231,1000,20110613,000112,1
000113.SH,380公用,SSE,中证指数有限公司,一级行业指数,20031231,1000,20110613,000113,1
000114.SH,持续产业,SSE,中证指数有限公司,主题指数,20110630,1000,20110822,000114,1
000115.SH,380等权,SSE,中证指数有限公司,策略指数,20031231,1000,20110812,000115,1
000117.SH,380成长,SSE,中证指数有限公司,风格指数,20031231,1000,20111018,000117,1
000118.SH,380价值,SSE,中证指数有限公司,风格指数,20031231,1000,20111018,000118,1
000119.SH,380R成长,SSE,中证指数有限公司,风格指数,20031231,1000,20111018,000119,1
000120.SH,380R价值,SSE,中证指数有限公司,风格指数,20031231,1000,20111018,000120,1
000121.SH,医药主题,SSE,中证指数有限公司,主题指数,20031231,1000,20111018,000121,1
000122.SH,上证农业,SSE,中证指数有限公司,主题指数,20110630,1000,20111018,000122,1
000123.SH,上证180动态,SSE,中证指数有限公司,策略指数,20020628,3299.06,20130208,000123,1
000125.SH,上证180稳定,SSE,中证指数有限公司,策略指数,20020628,3299.06,20130208,000125,1
000126.SH,消费50,SSE,中证指数有限公司,主题指数,20041231,1000,20111209,000126,1
000128.SH,380基本,SSE,中证指数有限公司,策略指数,20031231,1000,20120109,000128,1
000129.SH,180波动,SSE,中证指数有限公司,策略指数,20020628,3299.06,20120109,000129,1
000130.SH,380波动,SSE,中证指数有限公司,策略指数,20031231,1000,20120109,000130,1
000131.SH,上证高新,SSE,中证指数有限公司,主题指数,20110630,1000,20120210,000131,1
000132.SH,上证100,SSE,中证指数有限公司,规模指数,20031231,1000,20120420,000132,1
000133.SH,上证150,SSE,中证指数有限公司,规模指数,20031231,1000,20120420,000133,1
000134.SH,上证银行,SSE,中证指数有限公司,主题指数,20071231,1000,20120529,000134,1
000135.SH,上证180高贝塔,SSE,中证指数有限公司,策略指数,20020628,3299.06,20120806,000135,1
000136.SH,上证180低贝塔,SSE,中证指数有限公司,策略指数,20020628,3299.06,20120806,000136,1
000137.SH,上证380高贝塔,SSE,中证指数有限公司,策略指数,20031231,1000,20120806,000137,1
000138.SH,上证380低贝塔,SSE,中证指数有限公司,策略指数,20031231,1000,20120806,000138,1
000141.SH,上证380动态,SSE,中证指数有限公司,策略指数,20031231,1000,20130208,000141,1
000142.SH,上证380稳定,SSE,中证指数有限公司,策略指数,20031231,1000,20130208,000142,1
000145.SH,优势资源,SSE,中证指数有限公司,主题指数,20031231,1000,20120529,000145,1
000146.SH,优势制造,SSE,中证指数有限公司,主题指数,20031231,1000,20120529,000146,1
000147.SH,优势消费,SSE,中证指数有限公司,主题指数,20031231,1000,20120529,000147,1
000148.SH,消费领先,SSE,中证指数有限公司,主题指数,20041231,1000,20120529,000148,1
000149.SH,上证180红利,SSE,中证指数有限公司,策略指数,20041231,1000,20120720,000149,1
000150.SH,上证380红利,SSE,中证指数有限公司,策略指数,20041231,1000,20120720,000150,1
000151.SH,上证国企红利,SSE,中证指数有限公司,策略指数,20090630,1000,20120720,000151,1
000152.SH,上证央企红利,SSE,中证指数有限公司,策略指数,20081231,1000,20120720,000152,1
000153.SH,上证民企红利,SSE,中证指数有限公司,策略指数,20090630,1000,20120720,000153,1
000155.SH,上证市值百强,SSE,中证指数有限公司,规模指数,20031231,1000,20120720,000155,1
000158.SH,上证环保,SSE,中证指数有限公司,主题指数,20111230,1000,20120925,000158,1
000159.SH,沪股通,SSE,中证指数有限公司,主题指数,20031231,1000,20141117,000159,1
000160.SH,沪新丝路,SSE,中证指数有限公司,主题指数,20121231,1000,20150624,000160,1
000161.SH,沪中国造,SSE,中证指数有限公司,主题指数,20120629,1000,20151029,000161,1
000162.SH,沪互联+,SSE,中证指数有限公司,主题指数,20120629,1000,20151029,000162,1
000170.SH,50AH优选,SSE,中证指数有限公司,策略指数,20041231,1000,20151210,000170,1
000300.SH,沪深300,SSE,中证指数有限公司,规模指数,20041231,1000,20050408,000300,1
000510.SH,中证A500,SSE,中证指数有限公司,规模指数,20041231,1000,20240923,000510,1
000682.SH,科创信息,SSE,中证指数有限公司,主题指数,20191231,1000,20210816,000682,1
000683.SH,科创生物,SSE,中证指数有限公司,主题指数,20191231,1000,20220509,000683,1
000683CNY01.SH,科创生物全收益,SSE,中证指数有限公司,主题指数,20191231,1000,20220509,000683CNY01,1
000683CNY02.SH,科创生物净收益,SSE,中证指数有限公司,主题指数,20191231,1000,20220509,000683CNY02,1
000685.SH,科创芯片,SSE,中证指数有限公司,主题指数,20191231,1000,20220613,000685,1
000685CNY01.SH,科创芯片全收益,SSE,中证指数有限公司,主题指数,20191231,1000,20220613,000685CNY01,1
000685CNY02.SH,科创芯片净收益,SSE,中证指数有限公司,主题指数,20191231,1000,20220613,000685CNY02,1
000687.SH,科创高装,SSE,中证指数有限公司,主题指数,20191231,1000,20220815,000687,1
000687CNY01.SH,科创高装全收益,SSE,中证指数有限公司,主题指数,20191231,1000,20220815,000687CNY01,1
000687CNY02.SH,科创高装净收益,SSE,中证指数有限公司,主题指数,20191231,1000,20220815,000687CNY02,1
000688.SH,科创50,SSE,中证指数有限公司,规模指数,20191231,1000,20200723,000688,1
000688CNY01.SH,科创50(全),SSE,中证指数有限公司,规模指数,20191231,1000,20200723,000688CNY01,1
000689.SH,科创材料,SSE,中证指数有限公司,主题指数,20191231,1000,20220815,000689,1
000689CNY01.SH,科创材料全收益,SSE,中证指数有限公司,主题指数,20191231,1000,20220815,000689CNY01,1
000689CNY02.SH,科创材料净收益,SSE,中证指数有限公司,主题指数,20191231,1000,20220815,000689CNY02,1
000690.SH,科创成长,SSE,中证指数有限公司,策略指数,20191231,1000,20221104,000690,1
000690CNY01.SH,科创成长全收益,SSE,中证指数有限公司,策略指数,20191231,1000,20221104,000690CNY01,1
000690CNY02.SH,科创成长净收益,SSE,中证指数有限公司,策略指数,20191231,1000,20221104,000690CNY02,1
000691.SH,科创ESG,SSE,中证指数有限公司,主题指数,20191231,1000,20240321,000691,1
000691CNY010.SH,科创ESG全收益,SSE,中证指数有限公司,主题指数,20191231,1000,20240321,000691CNY010,1
000692.SH,科创新能,SSE,中证指数有限公司,主题指数,20191231,1000,20230403,000692,1
000692CNY01.SH,科创新能全收益,SSE,中证指数有限公司,主题指数,20191231,1000,20230403,000692CNY01,1
000692CNY02.SH,科创新能净收益,SSE,中证指数有限公司,主题指数,20191231,1000,20230403,000692CNY02,1
000693.SH,科创机械,SSE,中证指数有限公司,主题指数,20191231,1000,20230403,000693,1
000693CNY01.SH,科创机械全收益,SSE,中证指数有限公司,主题指数,20191231,1000,20230403,000693CNY01,1
000693CNY02.SH,科创机械净收益,SSE,中证指数有限公司,主题指数,20191231,1000,20230403,000693CNY02,1
000695.SH,科长三角,SSE,中证指数有限公司,主题指数,20191231,1000,20230403,000695,1
000695CNY01.SH,科长三角全收益,SSE,中证指数有限公司,主题指数,20191231,1000,20230403,000695CNY01,1
000695CNY02.SH,科长三角净收益,SSE,中证指数有限公司,主题指数,20191231,1000,20230403,000695CNY02,1
000697.SH,科大湾区,SSE,中证指数有限公司,主题指数,20191231,1000,20230403,000697,1
000697CNY01.SH,科大湾区全收益,SSE,中证指数有限公司,主题指数,20191231,1000,20230403,000697CNY01,1
000697CNY02.SH,科大湾区净收益,SSE,中证指数有限公司,主题指数,20191231,1000,20230403,000697CNY02,1
000698.SH,科创100,SSE,中证指数有限公司,规模指数,20191231,1000,20230807,000698,1
000698CNY010.SH,科创100(全),SSE,中证指数有限公司,规模指数,20191231,1000,20230807,000698CNY010,1
000698CNY020.SH,科创100(净),SSE,中证指数有限公司,规模指数,20191231,1000,20230807,000698CNY020,1
000698EUR200.SH,科创100EUR,SSE,中证指数有限公司,规模指数,20191231,1000,20230807,000698EUR200,1
000698EUR210.SH,科创100(全)EUR,SSE,中证指数有限公司,规模指数,20191231,1000,20230807,000698EUR210,1
000698GBP200.SH,科创100GBP,SSE,中证指数有限公司,规模指数,20191231,1000,20230807,000698GBP200,1
000698GBP210.SH,科创100(全)GBP,SSE,中证指数有限公司,规模指数,20191231,1000,20230807,000698GBP210,1
000698HKD200.SH,科创100HKD,SSE,中证指数有限公司,规模指数,20191231,1000,20230807,000698HKD200,1
000698HKD210.SH,科创100(全)HKD,SSE,中证指数有限公司,规模指数,20191231,1000,20230807,000698HKD210,1
000698USD200.SH,科创100USD,SSE,中证指数有限公司,规模指数,20191231,1000,20230807,000698USD200,1
000698USD210.SH,科创100(全)USD,SSE,中证指数有限公司,规模指数,20191231,1000,20230807,000698USD210,1
000698USD300.SH,科创100USD(CNH),SSE,中证指数有限公司,规模指数,20191231,1000,20230807,000698USD300,1
000698USD310.SH,科创100(全)USD(CNH),SSE,中证指数有限公司,规模指数,20191231,1000,20230807,000698USD310,1
000699.SH,科创200,SSE,中证指数有限公司,规模指数,20221230,1000,20240820,000699,1
000699CNY010.SH,科创200(全),SSE,中证指数有限公司,规模指数,20221230,1000,20240820,000699CNY010,1
000699CNY020.SH,科创200(净),SSE,中证指数有限公司,规模指数,20221230,1000,20240820,000699CNY020,1
000802.SH,500沪市,SSE,中证指数有限公司,主题指数,20041231,1000,20111108,000802,1
000814.SH,细分医药,SSE,中证指数有限公司,主题指数,20041231,1000,20120411,000814,1
000819.SH,有色金属,SSE,中证指数有限公司,行业指数,20041231,1000,20120509,000819,1
000823.SH,800有色,SSE,中证指数有限公司,二级行业指数,20041231,1000,20121221,000823,1
000827.SH,中证环保,SSE,中证指数有限公司,主题指数,20111230,1000,20120925,000827,1
000847.SH,腾讯济安,SSE,中证指数有限公司,价值指数,20130518,1000,20131118,000847,1
000849.SH,300非银,SSE,中证指数有限公司,主题指数,20041231,1000,20121221,000849,1
000851.SH,百发100,SSE,中证指数有限公司,策略指数,20081231,1000,20140730,000851,1
000852.SH,中证1000,SSE,中证指数有限公司,规模指数,20041231,1000,20141017,000852,1
000853.SH,CSSW丝路,SSE,中证指数有限公司,主题指数,20081231,1000,20150423,000853,1
000854.SH,中证500原料,SSE,中证指数有限公司,一级行业指数,20041231,1000,20131106,000854,1
000855.SH,央视500,SSE,中证指数有限公司,主题指数,20091231,1000,20141103,000855,1
000856.SH,中证500工业,SSE,中证指数有限公司,一级行业指数,20041231,1000,20131106,000856,1
000857.SH,中证500医药,SSE,中证指数有限公司,一级行业指数,20041231,1000,20131106,000857,1
000858.SH,中证500信息,SSE,中证指数有限公司,一级行业指数,20041231,1000,20131106,000858,1
000863.SH,CS精准医,SSE,中证指数有限公司,主题指数,20120629,1000,20150805,000863,1
000865.SH,上海国企,SSE,中证指数有限公司,主题指数,20121231,1000,20160511,000865,1
000867.SH,港中小企,SSE,中证指数有限公司,主题指数,20141114,3000,20150826,000867,1
000869.SH,HK银行(HKD),SSE,中证指数有限公司,主题指数,20141114,3000,20160422,000869,1
000888.SH,上证收益,SSE,中证指数有限公司,综合指数,20200721,3320.89,20201009,000888,1
000901.SH,小康指数,SSE,中证指数有限公司,主题指数,20051230,1000,20100402,000901,1
000903.SH,中证100,SSE,中证指数有限公司,规模指数,20051230,1000,20060529,000903,1
000905.SH,中证500,SSE,中证指数有限公司,规模指数,20041231,1000,20070115,000905,1
000906.SH,中证800,SSE,中证指数有限公司,规模指数,20041231,1000,20070115,000906,1
000913.SH,300医药,SSE,中证指数有限公司,一级行业指数,20041231,1000,20070702,000913,1
000914.SH,300金融,SSE,中证指数有限公司,主题指数,20041231,1000,20070702,000914,1
000928.SH,800能源,SSE,中证指数有限公司,一级行业指数,20041231,1000,20090703,000928,1
000932.SH,800消费,SSE,中证指数有限公司,一级行业指数,20041231,1000,20090703,000932,1
000933.SH,800医药,SSE,中证指数有限公司,一级行业指数,20041231,1000,20090703,000933,1
000934.SH,800金地,SSE,中证指数有限公司,主题指数,20041231,1000,20090703,000934,1
000935.SH,800信息,SSE,中证指数有限公司,一级行业指数,20041231,1000,20090703,000935,1
000974.SH,800金融,SSE,中证指数有限公司,一级行业指数,20041231,1000,20130509,000974,1
000982.SH,500等权,SSE,中证指数有限公司,策略指数,20041231,1000,20110613,000982,1
000986.SH,全指能源,SSE,中证指数有限公司,一级行业指数,20041231,1000,20110802,000986,1
000987.SH,全指材料,SSE,中证指数有限公司,一级行业指数,20041231,1000,20110802,000987,1
000989.SH,全指可选,SSE,中证指数有限公司,一级行业指数,20041231,1000,20110802,000989,1
000991.SH,全指医药,SSE,中证指数有限公司,一级行业指数,20041231,1000,20110802,000991,1
000992.SH,金融地产,SSE,中证指数有限公司,主题指数,20041231,1000,20110802,000992,1
000993.SH,全指信息,SSE,中证指数有限公司,一级行业指数,20041231,1000,20110802,000993,1
399001.SZ,深证成指,SZSE,深圳证券交易所,规模指数,19940720,1000,19950123,399001,0
399002.SZ,深成指R,SZSE,深圳证券交易所,规模指数,19940720,1000,19950123,399002,0
399003.SZ,深成B指,SZSE,深圳证券交易所,规模指数,19940720,1000,19950123,399003,0
399004.SZ,深证100R,SZSE,深圳证券交易所,规模指数,20021231,1000,20030102,399004,0
399005.SZ,中小100,SZSE,深圳证券交易所,规模指数,20050607,1000,20060124,399005,0
399006.SZ,创业板指,SZSE,深圳证券交易所,规模指数,20100531,1000,20100601,399006,0
399007.SZ,深证300,SZSE,深圳证券交易所,规模指数,20041231,1000,20091104,399007,0
399008.SZ,中小300,SZSE,深圳证券交易所,规模指数,20100319,1000,20100322,399008,0
399009.SZ,深证200,SZSE,深圳证券交易所,规模指数,20041231,1000,20110901,399009,0
399010.SZ,深证700,SZSE,深圳证券交易所,规模指数,20041231,1000,20110901,399010,0
399011.SZ,深证1000,SZSE,深圳证券交易所,规模指数,20041231,1000,20110901,399011,0
399012.SZ,创业300,SZSE,深圳证券交易所,规模指数,20120629,1000,20130107,399012,0
399013.SZ,深市精选,SZSE,深圳证券交易所,主题指数,20041231,1000,20140530,399013,0
399015.SZ,中小创新,SZSE,深圳证券交易所,规模指数,20111230,1000,20150324,399015,0
399016.SZ,深证创新,SZSE,深圳证券交易所,主题指数,20121231,1000,20161201,399016,0
399017.SZ,SME创新,SZSE,深圳证券交易所,主题指数,20121231,1000,20161201,399017,0
399018.SZ,创业创新,SZSE,深圳证券交易所,主题指数,20121231,1000,20161201,399018,0
399019.SZ,创业200,SZSE,深圳证券交易所,规模指数,20120629,1000,20231115,399019,0
399020.SZ,创业小盘,SZSE,深圳证券交易所,规模指数,20180629,1000,20231115,399020,0
399030.SZ,碳科技30,SZSE,深圳证券交易所,主题指数,20141231,1000,20210926,399030,0
399050.SZ,创新引擎,SZSE,深圳证券交易所,主题指数,20121231,1000,20180731,399050,0
399060.SZ,碳科技60,SZSE,深圳证券交易所,主题指数,20141231,1000,20210926,399060,0
399088.SZ,深创100,SZSE,深圳证券交易所,规模指数,20121231,1000,20200218,399088,0
399100.SZ,新指数,SZSE,深圳证券交易所,综合指数,20051230,1107.23,20060216,399100,0
399101.SZ,中小综指,SZSE,深圳证券交易所,综合指数,20050607,1000,20051201,399101,0
399102.SZ,创业板综,SZSE,深圳证券交易所,综合指数,20100531,1000,20100820,399102,0
399106.SZ,深证综指,SZSE,深圳证券交易所,综合指数,19910403,100,19910404,399106,0
399107.SZ,深证A指,SZSE,深圳证券交易所,综合指数,19910403,100,19921004,399107,0
399108.SZ,深证B指,SZSE,深圳证券交易所,综合指数,19920228,100,19921006,399108,0
399231.SZ,农林指数,SZSE,深圳证券交易所,行业指数,19910403,100,20130304,399231,0
399232.SZ,采矿指数,SZSE,深圳证券交易所,行业指数,19910403,100,20130304,399232,0
399233.SZ,制造指数,SZSE,深圳证券交易所,行业指数,19910403,100,20130304,399233,0
399234.SZ,水电指数,SZSE,深圳证券交易所,行业指数,19910403,100,20130304,399234,0
399235.SZ,建筑指数,SZSE,深圳证券交易所,行业指数,19910403,100,20130304,399235,0
399236.SZ,批零指数,SZSE,深圳证券交易所,行业指数,19910403,100,20130304,399236,0
399237.SZ,运输指数,SZSE,深圳证券交易所,行业指数,19910403,100,20130304,399237,0
399238.SZ,餐饮指数,SZSE,深圳证券交易所,行业指数,19910403,100,20130304,399238,0
399239.SZ,IT指数,SZSE,深圳证券交易所,行业指数,19910403,100,20130304,399239,0
399240.SZ,金融指数,SZSE,深圳证券交易所,行业指数,19910403,100,20130304,399240,0
399241.SZ,地产指数,SZSE,深圳证券交易所,行业指数,19910403,100,20130304,399241,0
399242.SZ,商务指数,SZSE,深圳证券交易所,行业指数,19910403,100,20130304,399242,0
399243.SZ,科研指数,SZSE,深圳证券交易所,行业指数,19910403,100,20130304,399243,0
399244.SZ,公共指数,SZSE,深圳证券交易所,行业指数,19910403,100,20130304,399244,0
399248.SZ,文化指数,SZSE,深圳证券交易所,行业指数,19910403,100,20130304,399248,0
399249.SZ,综企指数,SZSE,深圳证券交易所,行业指数,19910403,100,20130304,399249,0
399258.SZ,绿色低碳,SZSE,深圳证券交易所,主题指数,20121231,1000,20230808,399258,0
399259.SZ,创业低碳,SZSE,深圳证券交易所,主题指数,20121231,1000,20230808,399259,0
399260.SZ,先进制造,SZSE,深圳证券交易所,主题指数,20121231,1000,20230808,399260,0
399261.SZ,创业制造,SZSE,深圳证券交易所,主题指数,20121231,1000,20230808,399261,0
399262.SZ,数字经济,SZSE,深圳证券交易所,主题指数,20141231,1000,20220929,399262,0
399263.SZ,创业数字,SZSE,深圳证券交易所,主题指数,20141231,1000,20220929,399263,0
399264.SZ,创新技术,SZSE,深圳证券交易所,主题指数,20171229,1000,20220929,399264,0
399265.SZ,创新药械,SZSE,深圳证券交易所,主题指数,20171229,1000,20220929,399265,0
399266.SZ,创新能源,SZSE,深圳证券交易所,主题指数,20171229,1000,20220929,399266,0
399269.SZ,创质量,SZSE,深圳证券交易所,策略指数,20121231,1000,20210112,399269,0
399274.SZ,深新基建,SZSE,深圳证券交易所,主题指数,20121231,1000,20220411,399274,0
399275.SZ,创医药,SZSE,深圳证券交易所,主题指数,20121231,1000,20201026,399275,0
399276.SZ,创科技,SZSE,深圳证券交易所,主题指数,20121231,1000,20201026,399276,0
399277.SZ,公共健康,SZSE,深圳证券交易所,主题指数,20121231,1000,20200508,399277,0
399278.SZ,长江100,SZSE,深圳证券交易所,主题指数,20121231,1000,20200508,399278,0
399279.SZ,云科技50,SZSE,深圳证券交易所,主题指数,20121231,1000,20200508,399279,0
399280.SZ,生物50,SZSE,深圳证券交易所,主题指数,20121231,1000,20200508,399280,0
399281.SZ,电子50,SZSE,深圳证券交易所,主题指数,20121231,1000,20200508,399281,0
399282.SZ,大数据50,SZSE,深圳证券交易所,主题指数,20121231,1000,20200218,399282,0
399283.SZ,机器人50,SZSE,深圳证券交易所,主题指数,20121231,1000,20200218,399283,0
399284.SZ,AI 50,SZSE,深圳证券交易所,主题指数,20121231,1000,20200218,399284,0
399285.SZ,物联网50,SZSE,深圳证券交易所,主题指数,20121231,1000,20200218,399285,0
399286.SZ,区块链50,SZSE,深圳证券交易所,主题指数,20121231,1000,20191224,399286,0
399291.SZ,创精选88,SZSE,深圳证券交易所,策略指数,20121231,1000,20191106,399291,0
399292.SZ,民企发展,SZSE,深圳证券交易所,主题指数,20140630,1000,20190305,399292,0
399293.SZ,创业大盘,SZSE,深圳证券交易所,规模指数,20121231,1000,20190418,399293,0
399294.SZ,中小创Q,SZSE,深圳证券交易所,策略指数,20021231,1000,20190606,399294,0
399295.SZ,创价值,SZSE,深圳证券交易所,主题指数,20121231,1000,20190123,399295,0
399296.SZ,创成长,SZSE,深圳证券交易所,主题指数,20121231,1000,20190123,399296,0
399297.SZ,新浪100,SZSE,深圳证券交易所,主题指数,20131231,1000,20171222,399297,0
399300.SZ,沪深300,SZSE,中证指数有限公司,规模指数,20041231,1000,20050408,399300,0
399303.SZ,国证2000,SZSE,深圳证券交易所,规模指数,20091231,3326.4448,20140328,399303,0
399310.SZ,国证A50,SZSE,深圳证券交易所,规模指数,20021231,1000,20050905,399310,0
399311.SZ,国证1000,SZSE,深圳证券交易所,规模指数,20021231,1000,20050203,399311,0
399312.SZ,国证300,SZSE,深圳证券交易所,规模指数,20021231,1000,20050203,399312,0
399313.SZ,巨潮100,SZSE,巨潮公司,规模指数,20021231,1000,20050203,399313,0
399314.SZ,巨潮大盘,SZSE,巨潮公司,规模指数,20021231,1000,20050203,399314,0
399315.SZ,巨潮中盘,SZSE,巨潮公司,规模指数,20021231,1000,20050203,399315,0
399316.SZ,巨潮小盘,SZSE,巨潮公司,规模指数,20021231,1000,20050203,399316,0
399317.SZ,国证A指,SZSE,深圳证券交易所,综合指数,20021231,1000,20050203,399317,0
399318.SZ,国证B指,SZSE,深圳证券交易所,综合指数,20021231,1000,20050203,399318,0
399319.SZ,资源优势,SZSE,深圳证券交易所,主题指数,20041231,1000,20050104,399319,0
399320.SZ,国证服务,SZSE,深圳证券交易所,主题指数,20041231,1000,20050104,399320,0
399321.SZ,国证红利,SZSE,深圳证券交易所,主题指数,20041231,1000,20050104,399321,0
399322.SZ,国证治理,SZSE,深圳证券交易所,主题指数,20021231,1000,20051212,399322,0
399324.SZ,深证红利,SZSE,深圳证券交易所,主题指数,20021231,1000,20060124,399324,0
399326.SZ,成长40,SZSE,深圳证券交易所,主题指数,20021231,1000,20060124,399326,0
399328.SZ,深证治理,SZSE,深圳证券交易所,主题指数,20021231,1000,20060124,399328,0
399330.SZ,深证100,SZSE,深圳证券交易所,规模指数,20021231,1000,20060124,399330,0
399333.SZ,中小100R,SZSE,深圳证券交易所,规模指数,20050607,1000,20061227,399333,0
399335.SZ,深证央企,SZSE,深圳证券交易所,主题指数,20041231,1000,20090803,399335,0
399337.SZ,深证民营,SZSE,深圳证券交易所,主题指数,20041231,1000,20090803,399337,0
399339.SZ,深证科技,SZSE,深圳证券交易所,主题指数,20041231,1000,20090803,399339,0
399341.SZ,深证责任,SZSE,深圳证券交易所,主题指数,20090630,1000,20090803,399341,0
399344.SZ,深证300R,SZSE,深圳证券交易所,规模指数,20041231,1000,20091104,399344,0
399346.SZ,深证成长,SZSE,深圳证券交易所,风格指数,20041231,1000,20091104,399346,0
399348.SZ,深证价值,SZSE,深圳证券交易所,风格指数,20041231,1000,20091104,399348,0
399350.SZ,皖江30,SZSE,深圳证券交易所,主题指数,20100630,1000,20121218,399350,0
399351.SZ,创新示范,SZSE,深圳证券交易所,主题指数,20040831,864.38,20040901,399351,0
399352.SZ,深企综指,SZSE,深圳证券交易所,主题指数,20040831,864.38,20050203,399352,0
399353.SZ,国证物流,SZSE,深圳证券交易所,主题指数,20021231,1000,20050301,399353,0
399354.SZ,分析师指数,SZSE,深圳证券交易所,策略指数,20060428,1231.15,20061125,399354,0
399355.SZ,CBN长江,SZSE,深圳证券交易所,主题指数,20021231,1000,20070702,399355,0
399356.SZ,CBN珠江,SZSE,深圳证券交易所,主题指数,20021231,1000,20070702,399356,0
399357.SZ,CBN渤海,SZSE,深圳证券交易所,主题指数,20021231,1000,20070702,399357,0
399358.SZ,国证环保,SZSE,深圳证券交易所,主题指数,20021231,1000,20080102,399358,0
399359.SZ,国证基建,SZSE,深圳证券交易所,主题指数,20041231,1000,20090803,399359,0
399360.SZ,新硬件,SZSE,深圳证券交易所,主题指数,20041231,1000,20090803,399360,0
399361.SZ,在线消费,SZSE,深圳证券交易所,主题指数,20041231,1000,20090803,399361,0
399362.SZ,民企100,SZSE,深圳证券交易所,主题指数,20041231,1000,20090803,399362,0
399363.SZ,国证算力,SZSE,深圳证券交易所,主题指数,20041231,1000,20090803,399363,0
399364.SZ,消费100,SZSE,深圳证券交易所,主题指数,20041231,1000,20090803,399364,0
399365.SZ,国证粮食,SZSE,深圳证券交易所,主题指数,20041231,1000,20091104,399365,0
399366.SZ,能源金属,SZSE,深圳证券交易所,主题指数,20041231,1000,20091104,399366,0
399367.SZ,1000地产,SZSE,深圳证券交易所,一级行业指数,20041231,1000,20091104,399367,0
399368.SZ,国证军工,SZSE,深圳证券交易所,主题指数,20041231,1000,20091104,399368,0
399369.SZ,国证责任,SZSE,深圳证券交易所,主题指数,20090630,1000,20091104,399369,0
399370.SZ,国证成长,SZSE,深圳证券交易所,风格指数,20021231,1000,20100104,399370,0
399371.SZ,国证价值,SZSE,深圳证券交易所,风格指数,20021231,1000,20100104,399371,0
399372.SZ,大盘成长,SZSE,巨潮公司,风格指数,20021231,1000,20100104,399372,0
399373.SZ,大盘价值,SZSE,巨潮公司,风格指数,20021231,1000,20100104,399373,0
399374.SZ,中盘成长,SZSE,巨潮公司,风格指数,20021231,1000,20100104,399374,0
399375.SZ,中盘价值,SZSE,巨潮公司,风格指数,20021231,1000,20100104,399375,0
399376.SZ,小盘成长,SZSE,巨潮公司,风格指数,20021231,1000,20100104,399376,0
399377.SZ,小盘价值,SZSE,巨潮公司,风格指数,20021231,1000,20100104,399377,0
399378.SZ,ESG 300,SZSE,深圳证券交易所,主题指数,20100630,1000,20100920,399378,0
399381.SZ,1000能源,SZSE,深圳证券交易所,一级行业指数,20021231,1000,20111202,399381,0
399382.SZ,1000材料,SZSE,深圳证券交易所,一级行业指数,20021231,1000,20111202,399382,0
399383.SZ,1000工业,SZSE,深圳证券交易所,一级行业指数,20021231,1000,20111202,399383,0
399384.SZ,1000可选,SZSE,深圳证券交易所,一级行业指数,20021231,1000,20111202,399384,0
399385.SZ,1000消费,SZSE,深圳证券交易所,一级行业指数,20021231,1000,20111202,399385,0
399386.SZ,1000医药,SZSE,深圳证券交易所,一级行业指数,20021231,1000,20111202,399386,0
399387.SZ,1000金融,SZSE,深圳证券交易所,一级行业指数,20021231,1000,20111202,399387,0
399388.SZ,1000信息,SZSE,深圳证券交易所,一级行业指数,20021231,1000,20111202,399388,0
399389.SZ,国证通信,SZSE,深圳证券交易所,主题指数,20021231,1000,20111202,399389,0
399390.SZ,1000公用,SZSE,深圳证券交易所,一级行业指数,20021231,1000,20111202,399390,0
399391.SZ,投资时钟,SZSE,深圳证券交易所,策略指数,20061229,1000,20120326,399391,0
399392.SZ,国证新兴,SZSE,深圳证券交易所,主题指数,20090630,1000,20120328,399392,0
399393.SZ,国证地产,SZSE,深圳证券交易所,主题指数,20041231,1000,20120820,399393,0
399394.SZ,国证医药,SZSE,深圳证券交易所,主题指数,20041231,1000,20121029,399394,0
399395.SZ,国证有色,SZSE,深圳证券交易所,主题指数,20041231,1000,20121029,399395,0
399396.SZ,国证食品,SZSE,深圳证券交易所,主题指数,20041231,1000,20121029,399396,0
399397.SZ,国证文化,SZSE,深圳证券交易所,主题指数,20090630,1000,20121109,399397,0
399398.SZ,绩效指数,SZSE,深圳证券交易所,策略指数,20021231,1000,20121119,399398,0
399399.SZ,中经GDP,SZSE,深圳证券交易所,主题指数,20050630,1000,20121123,399399,0
399400.SZ,大中盘,SZSE,巨潮公司,规模指数,20021231,1000,20130320,399400,0
399401.SZ,中小盘,SZSE,巨潮公司,规模指数,20021231,1000,20130320,399401,0
399402.SZ,周期100,SZSE,深圳证券交易所,主题指数,20041231,1000,20131028,399402,0
399403.SZ,防御100,SZSE,深圳证券交易所,主题指数,20041231,1000,20131028,399403,0
399405.SZ,大盘高贝,SZSE,巨潮公司,策略指数,20041231,1000,20131205,399405,0
399406.SZ,中盘低波,SZSE,巨潮公司,策略指数,20041231,1000,20131205,399406,0
399407.SZ,中盘高贝,SZSE,巨潮公司,策略指数,20041231,1000,20131205,399407,0
399408.SZ,小盘低波,SZSE,巨潮公司,策略指数,20041231,1000,20131205,399408,0
399409.SZ,小盘高贝,SZSE,巨潮公司,策略指数,20041231,1000,20131205,399409,0
399410.SZ,苏州率先,SZSE,深圳证券交易所,主题指数,20111230,1000,20131212,399410,0
399411.SZ,红利100,SZSE,深圳证券交易所,策略指数,20081231,1000,20140410,399411,0
399412.SZ,国证新能,SZSE,深圳证券交易所,主题指数,20100630,1000,20140516,399412,0
399415.SZ,I100,SZSE,深圳证券交易所,主题指数,20100129,1000,20140912,399415,0
399416.SZ,I300,SZSE,深圳证券交易所,主题指数,20100129,1000,20140912,399416,0
399417.SZ,新能源车,SZSE,深圳证券交易所,主题指数,20100630,1000,20140924,399417,0
399418.SZ,数据要素,SZSE,深圳证券交易所,主题指数,20081231,1000,20141121,399418,0
399419.SZ,国证高铁,SZSE,深圳证券交易所,主题指数,20100630,1000,20141210,399419,0
399420.SZ,国证保证,SZSE,深圳证券交易所,主题指数,20100630,1000,20141210,399420,0
399422.SZ,中关村A,SZSE,深圳证券交易所,主题指数,20081231,1000,20161221,399422,0
399423.SZ,中关村50,SZSE,深圳证券交易所,主题指数,20081231,1000,20150205,399423,0
399428.SZ,国证定增,SZSE,深圳证券交易所,主题指数,20121231,1000,20150217,399428,0
399429.SZ,新丝路,SZSE,深圳证券交易所,主题指数,20111230,1000,20150108,399429,0
399431.SZ,国证银行,SZSE,深圳证券交易所,二级行业指数,20021231,1000,20141230,399431,0
399432.SZ,智能汽车,SZSE,深圳证券交易所,主题指数,20021231,1000,20141230,399432,0
399433.SZ,国证交运,SZSE,深圳证券交易所,二级行业指数,20021231,1000,20141230,399433,0
399434.SZ,数字传媒,SZSE,深圳证券交易所,行业指数,20021231,1000,20141230,399434,0
399435.SZ,国证农牧,SZSE,深圳证券交易所,二级行业指数,20021231,1000,20141230,399435,0
399436.SZ,绿色煤炭,SZSE,深圳证券交易所,主题指数,20021231,1000,20141230,399436,0
399437.SZ,证券龙头,SZSE,深圳证券交易所,主题指数,20021231,1000,20141230,399437,0
399438.SZ,绿色电力,SZSE,深圳证券交易所,主题指数,20021231,1000,20141230,399438,0
399439.SZ,国证油气,SZSE,深圳证券交易所,主题指数,20021231,1000,20141230,399439,0
399440.SZ,国证钢铁,SZSE,深圳证券交易所,四级行业指数,20021231,1000,20141230,399440,0
399441.SZ,生物医药,SZSE,深圳证券交易所,主题指数,20091231,1000,20150120,399441,0
399550.SZ,央视50,SZSE,深圳证券交易所,主题指数,20100630,2563.07,20120606,399550,0
399551.SZ,央视创新,SZSE,深圳证券交易所,主题指数,20100630,2563.07,20130606,399551,0
399552.SZ,央视成长,SZSE,深圳证券交易所,主题指数,20100630,2563.07,20130606,399552,0
399553.SZ,央视回报,SZSE,深圳证券交易所,主题指数,20100630,2563.07,20130606,399553,0
399554.SZ,央视治理,SZSE,深圳证券交易所,主题指数,20100630,2563.07,20130606,399554,0
399555.SZ,央视责任,SZSE,深圳证券交易所,主题指数,20100630,2563.07,20130606,399555,0
399556.SZ,央视生态,SZSE,深圳证券交易所,主题指数,20100630,1000,20140606,399556,0
399557.SZ,央视文化,SZSE,深圳证券交易所,主题指数,20100630,1000,20140606,399557,0
399602.SZ,中小成长,SZSE,深圳证券交易所,风格指数,20100319,1000,20100524,399602,0
399604.SZ,中小价值,SZSE,深圳证券交易所,风格指数,20100319,1000,20100524,399604,0
399606.SZ,创业板R,SZSE,深圳证券交易所,规模指数,20100531,1000,20100601,399606,0
399608.SZ,科技100,SZSE,深圳证券交易所,主题指数,20070629,1000,20101018,399608,0
399610.SZ,TMT50,SZSE,深圳证券交易所,主题指数,20041231,1000,20101108,399610,0
399611.SZ,中创100R,SZSE,深圳证券交易所,规模指数,20070629,1000,20110228,399611,0
399612.SZ,中创100,SZSE,深圳证券交易所,规模指数,20070629,1000,20110228,399612,0
399613.SZ,深证能源,SZSE,深圳证券交易所,一级行业指数,20041231,1000,20110615,399613,0
399614.SZ,深证材料,SZSE,深圳证券交易所,一级行业指数,20041231,1000,20110615,399614,0
399615.SZ,深证工业,SZSE,深圳证券交易所,一级行业指数,20041231,1000,20110615,399615,0
399616.SZ,深证可选,SZSE,深圳证券交易所,一级行业指数,20041231,1000,20110615,399616,0
399617.SZ,深证消费,SZSE,深圳证券交易所,一级行业指数,20041231,1000,20110615,399617,0
399618.SZ,深证医药,SZSE,深圳证券交易所,一级行业指数,20041231,1000,20110615,399618,0
399619.SZ,深证金融,SZSE,深圳证券交易所,一级行业指数,20041231,1000,20110615,399619,0
399620.SZ,深证信息,SZSE,深圳证券交易所,一级行业指数,20041231,1000,20110615,399620,0
399621.SZ,深证电信,SZSE,深圳证券交易所,一级行业指数,20041231,1000,20110615,399621,0
399622.SZ,深证公用,SZSE,深圳证券交易所,一级行业指数,20041231,1000,20110615,399622,0
399623.SZ,中小基础,SZSE,深圳证券交易所,规模指数,20051230,1000,20110725,399623,0
399624.SZ,中创400,SZSE,深圳证券交易所,规模指数,20100630,1000,20110815,399624,0
399625.SZ,中创500,SZSE,深圳证券交易所,规模指数,20100630,1000,20110815,399625,0
399626.SZ,中创成长,SZSE,深圳证券交易所,风格指数,20100630,1000,20110815,399626,0
399627.SZ,中创价值,SZSE,深圳证券交易所,风格指数,20100630,1000,20110815,399627,0
399628.SZ,700成长,SZSE,深圳证券交易所,风格指数,20100630,1000,20110901,399628,0
399629.SZ,700价值,SZSE,深圳证券交易所,风格指数,20100630,1000,20110901,399629,0
399630.SZ,1000成长,SZSE,深圳证券交易所,风格指数,20100630,1000,20110901,399630,0
399631.SZ,1000价值,SZSE,深圳证券交易所,风格指数,20100630,1000,20110901,399631,0
399632.SZ,深100EW,SZSE,深圳证券交易所,策略指数,20021231,1000,20111028,399632,0
399633.SZ,深300EW,SZSE,深圳证券交易所,策略指数,20041231,1000,20111028,399633,0
399634.SZ,中小等权,SZSE,深圳证券交易所,策略指数,20061229,1000,20111028,399634,0
399635.SZ,创业板EW,SZSE,深圳证券交易所,策略指数,20100930,1000,20111028,399635,0
399636.SZ,深证装备,SZSE,深圳证券交易所,主题指数,20041231,1000,20111115,399636,0
399637.SZ,深证地产,SZSE,深圳证券交易所,行业指数,20041231,1000,20111115,399637,0
399638.SZ,深证环保,SZSE,深圳证券交易所,主题指数,20041231,1000,20111115,399638,0
399639.SZ,深证大宗,SZSE,深圳证券交易所,主题指数,20041231,1000,20111115,399639,0
399640.SZ,创业基础,SZSE,深圳证券交易所,规模指数,20101231,1000,20120116,399640,0
399641.SZ,深证新兴,SZSE,深圳证券交易所,主题指数,20100630,1000,20120201,399641,0
399642.SZ,中小新兴,SZSE,深圳证券交易所,主题指数,20100630,1000,20120201,399642,0
399643.SZ,创业新兴,SZSE,深圳证券交易所,主题指数,20100630,1000,20120201,399643,0
399644.SZ,深证时钟,SZSE,深圳证券交易所,策略指数,20061229,1000,20120326,399644,0
399645.SZ,100低波,SZSE,深圳证券交易所,策略指数,20041231,1000,20120612,399645,0
399646.SZ,深消费50,SZSE,深圳证券交易所,主题指数,20041231,1000,20120806,399646,0
399647.SZ,深医药50,SZSE,深圳证券交易所,主题指数,20041231,1000,20120806,399647,0
399648.SZ,深证GDP,SZSE,深圳证券交易所,主题指数,20050630,1000,20120808,399648,0
399649.SZ,中小红利,SZSE,深圳证券交易所,主题指数,20090630,1000,20120820,399649,0
399650.SZ,中小治理,SZSE,深圳证券交易所,主题指数,20090630,1000,20120820,399650,0
399651.SZ,中小责任,SZSE,深圳证券交易所,主题指数,20090630,1000,20120820,399651,0
399652.SZ,中创高新,SZSE,深圳证券交易所,主题指数,20110630,1000,20120917,399652,0
399653.SZ,深证龙头,SZSE,深圳证券交易所,主题指数,20100630,1000,20120925,399653,0
399654.SZ,深证文化,SZSE,深圳证券交易所,主题指数,20090630,1000,20121109,399654,0
399655.SZ,深证绩效,SZSE,深圳证券交易所,策略指数,20021231,1000,20121119,399655,0
399656.SZ,100绩效,SZSE,深圳证券交易所,策略指数,20021231,1000,20121119,399656,0
399657.SZ,300绩效,SZSE,深圳证券交易所,策略指数,20041231,1000,20121119,399657,0
399658.SZ,中小绩效,SZSE,深圳证券交易所,策略指数,20061229,1000,20121119,399658,0
399659.SZ,深成指EW,SZSE,深圳证券交易所,策略指数,20021231,1000,20121123,399659,0
399660.SZ,中创EW,SZSE,深圳证券交易所,策略指数,20070629,1000,20121123,399660,0
399661.SZ,深证低波,SZSE,深圳证券交易所,策略指数,20061229,1000,20121220,399661,0
399662.SZ,深证高贝,SZSE,深圳证券交易所,策略指数,20061229,1000,20121220,399662,0
399663.SZ,中小低波,SZSE,深圳证券交易所,策略指数,20110630,1000,20121220,399663,0
399664.SZ,中小高贝,SZSE,深圳证券交易所,策略指数,20110630,1000,20121220,399664,0
399665.SZ,中创低波,SZSE,深圳证券交易所,策略指数,20110630,1000,20121220,399665,0
399666.SZ,中创高贝,SZSE,深圳证券交易所,策略指数,20110630,1000,20121220,399666,0
399667.SZ,创业成长,SZSE,深圳证券交易所,风格指数,20120629,1000,20130107,399667,0
399668.SZ,创业板V,SZSE,深圳证券交易所,风格指数,20120629,1000,20130107,399668,0
399669.SZ,深证农业,SZSE,深圳证券交易所,主题指数,20041231,1000,20130624,399669,0
399670.SZ,深周期50,SZSE,深圳证券交易所,主题指数,20041231,1000,20131028,399670,0
399671.SZ,深防御50,SZSE,深圳证券交易所,主题指数,20041231,1000,20131028,399671,0
399672.SZ,深红利50,SZSE,深圳证券交易所,策略指数,20081231,1000,20140410,399672,0
399673.SZ,创业板50,SZSE,深圳证券交易所,规模指数,20100531,1000,20140618,399673,0
399674.SZ,深A医药,SZSE,深圳证券交易所,一级行业指数,20100630,1000,20150608,399674,0
399675.SZ,深互联网,SZSE,深圳证券交易所,二级行业指数,20100630,1000,20150608,399675,0
399676.SZ,深医药EW,SZSE,深圳证券交易所,策略指数,20100630,1000,20150608,399676,0
399677.SZ,深互联EW,SZSE,深圳证券交易所,策略指数,20100630,1000,20150608,399677,0
399678.SZ,深次新股,SZSE,深圳证券交易所,主题指数,20101231,1000,20150618,399678,0
399679.SZ,深证200R,SZSE,深圳证券交易所,规模指数,20041231,1000,20150618,399679,0
399680.SZ,深成能源,SZSE,深圳证券交易所,一级行业指数,20100630,1000,20150831,399680,0
399681.SZ,深成材料,SZSE,深圳证券交易所,一级行业指数,20100630,1000,20150831,399681,0
399682.SZ,深成工业,SZSE,深圳证券交易所,一级行业指数,20100630,1000,20150831,399682,0
399683.SZ,深成可选,SZSE,深圳证券交易所,一级行业指数,20100630,1000,20150831,399683,0
399684.SZ,深成消费,SZSE,深圳证券交易所,一级行业指数,20100630,1000,20150831,399684,0
399685.SZ,深成医药,SZSE,深圳证券交易所,一级行业指数,20100630,1000,20150831,399685,0
399686.SZ,深成金融,SZSE,深圳证券交易所,一级行业指数,20100630,1000,20150831,399686,0
399687.SZ,深成信息,SZSE,深圳证券交易所,一级行业指数,20100630,1000,20150831,399687,0
399688.SZ,深成电信,SZSE,深圳证券交易所,一级行业指数,20100630,1000,20150831,399688,0
399689.SZ,深成公用,SZSE,深圳证券交易所,一级行业指数,20100630,1000,20150831,399689,0
399692.SZ,创业低波,SZSE,深圳证券交易所,策略指数,20130628,1000,20161220,399692,0
399693.SZ,安防产业,SZSE,深圳证券交易所,主题指数,20120629,1000,20160620,399693,0
399694.SZ,创业高贝,SZSE,深圳证券交易所,策略指数,20130628,1000,20161220,399694,0
399695.SZ,深证节能,SZSE,深圳证券交易所,主题指数,20100630,1000,20170428,399695,0
399696.SZ,深证创投,SZSE,深圳证券交易所,主题指数,20100630,1000,20161021,399696,0
399697.SZ,中关村60,SZSE,深圳证券交易所,主题指数,20081231,1000,20170110,399697,0
399698.SZ,优势成长,SZSE,深圳证券交易所,策略指数,20081231,1000,20170615,399698,0
399699.SZ,金融科技,SZSE,深圳证券交易所,主题指数,20170526,3000,20170609,399699,0
399701.SZ,深证F60,SZSE,深圳证券交易所,策略指数,20021231,1000,20100510,399701,0
399702.SZ,深证F120,SZSE,深圳证券交易所,策略指数,20021231,1000,20100510,399702,0
399703.SZ,深证F200,SZSE,深圳证券交易所,策略指数,20021231,1000,20100510,399703,0
399704.SZ,深证上游,SZSE,深圳证券交易所,主题指数,20021231,1000,20111018,399704,0
399705.SZ,深证中游,SZSE,深圳证券交易所,主题指数,20021231,1000,20111018,399705,0
399706.SZ,深证下游,SZSE,深圳证券交易所,主题指数,20021231,1000,20111018,399706,0
399707.SZ,CSSW证券,SZSE,中证指数有限公司,行业指数,19991231,1000,20150416,399707,0
399750.SZ,深主板50,SZSE,深圳证券交易所,规模指数,20041231,1000,20231115,399750,0
399802.SZ,500深市,SZSE,中证指数有限公司,主题指数,20041231,1000,20120905,399802,0
399803.SZ,工业4.0,SZSE,中证指数有限公司,主题指数,20120629,1000,20150213,399803,0
399804.SZ,中证体育,SZSE,中证指数有限公司,主题指数,20120629,1000,20150209,399804,0
399805.SZ,互联金融,SZSE,中证指数有限公司,主题指数,20120629,1000,20150210,399805,0
399806.SZ,环境治理,SZSE,中证指数有限公司,主题指数,20111230,1000,20140721,399806,0
399807.SZ,高铁产业,SZSE,中证指数有限公司,主题指数,20121231,1000,20150120,399807,0
399808.SZ,中证新能,SZSE,中证指数有限公司,主题指数,20111231,1000,20150210,399808,0
399809.SZ,保险主题,SZSE,中证指数有限公司,主题指数,20111231,1000,20150213,399809,0
399810.SZ,CSSW传媒,SZSE,中证指数有限公司,行业指数,20041231,1000,20150803,399810,0
399811.SZ,CSSW电子,SZSE,中证指数有限公司,行业指数,20041231,1000,20150803,399811,0
399812.SZ,养老产业,SZSE,中证指数有限公司,主题指数,20041231,1000,20140606,399812,0
399813.SZ,中证国安,SZSE,中证指数有限公司,主题指数,20081231,1000,20150129,399813,0
399814.SZ,大农业,SZSE,中证指数有限公司,主题指数,20131231,1000,20140722,399814,0
399850.SZ,深证50,SZSE,深圳证券交易所,规模指数,20021231,1000,20231018,399850,0
399852.SZ,中证1000,SZSE,中证指数有限公司,规模指数,20041231,1000,20141017,399852,0
399901.SZ,小康指数,SZSE,中证指数有限公司,主题指数,20051230,1000,20100401,399901,0
399903.SZ,中证100,SZSE,中证指数有限公司,规模指数,20051230,1000,20060529,399903,0
399905.SZ,中证500,SZSE,中证指数有限公司,规模指数,20041231,1000,20070115,399905,0
399913.SZ,沪深300医药,SZSE,中证指数有限公司,一级行业指数,20041231,1000,20070702,399913,0
399914.SZ,沪深300金融,SZSE,中证指数有限公司,主题指数,20041231,1000,20070702,399914,0
399928.SZ,800能源,SZSE,中证指数有限公司,一级行业指数,20041231,1000,20090703,399928,0
399932.SZ,800消费,SZSE,中证指数有限公司,一级行业指数,20041231,1000,20090703,399932,0
399933.SZ,800医药,SZSE,中证指数有限公司,一级行业指数,20041231,1000,20090703,399933,0
399934.SZ,800金地,SZSE,中证指数有限公司,主题指数,20041231,1000,20090703,399934,0
399935.SZ,800信息,SZSE,中证指数有限公司,一级行业指数,20041231,1000,20090703,399935,0
399959.SZ,军工指数,SZSE,中证指数有限公司,主题指数,20110630,1000,20110830,399959,0
399965.SZ,800地产,SZSE,中证指数有限公司,一级行业指数,20041231,1000,20121221,399965,0
399966.SZ,中证800证保,SZSE,中证指数有限公司,主题指数,20041231,1000,20121221,399966,0
399967.SZ,中证军工,SZSE,中证指数有限公司,主题指数,20041231,1000,20131226,399967,0
399970.SZ,中证移动互联,SZSE,中证指数有限公司,主题指数,20120629,1000,20140505,399970,0
399971.SZ,中证传媒,SZSE,中证指数有限公司,主题指数,20101231,1000,20140415,399971,0
399972.SZ,300深市,SZSE,中证指数有限公司,主题指数,20041231,1000,20120621,399972,0
399973.SZ,中证国防,SZSE,中证指数有限公司,主题指数,20110630,1000,20140415,399973,0
399974.SZ,国企改革,SZSE,中证指数有限公司,主题指数,20140331,1000,20140807,399974,0
399975.SZ,证券公司,SZSE,中证指数有限公司,四级行业指数,20070629,1000,20130715,399975,0
399976.SZ,CS新能车,SZSE,中证指数有限公司,主题指数,20111231,1000,20141128,399976,0
399982.SZ,500等权,SZSE,中证指数有限公司,策略指数,20041231,1000,20110613,399982,0
399983.SZ,地产等权,SZSE,中证指数有限公司,策略指数,20041231,1000,20131122,399983,0
399986.SZ,中证银行,SZSE,中证指数有限公司,二级行业指数,20041231,1000,20130715,399986,0
399987.SZ,中证酒,SZSE,中证指数有限公司,主题指数,20081231,1000,20141210,399987,0
399989.SZ,中证医疗,SZSE,中证指数有限公司,主题指数,20041231,1000,20141031,399989,0
399990.SZ,煤炭等权,SZSE,中证指数有限公司,策略指数,20081231,1000,20150121,399990,0
399991.SZ,一带一路,SZSE,中证指数有限公司,主题指数,20121231,1000,20150216,399991,0
399992.SZ,CSWD并购,SZSE,中证指数有限公司,主题指数,20111230,1000,20150508,399992,0
399993.SZ,CSWD生科,SZSE,中证指数有限公司,主题指数,20091231,1000,20150508,399993,0
399994.SZ,信息安全,SZSE,中证指数有限公司,主题指数,20101231,1000,20150312,399994,0
399995.SZ,基建工程,SZSE,中证指数有限公司,行业指数,20041231,1000,20150312,399995,0
399996.SZ,中证智能家居,SZSE,中证指数有限公司,主题指数,20120629,1000,20140917,399996,0
399997.SZ,中证白酒,SZSE,中证指数有限公司,主题指数,20081231,1000,20150121,399997,0
399998.SZ,中证煤炭,SZSE,中证指数有限公司,三级行业指数,20081231,1000,20150213,399998,0
899050.BJ,北证50,OTH,北京证券交易所,规模指数,20220429,1000,20221121,899050,2
899601.BJ,北证专精特新,OTH,北京证券交易所,规模指数,20240628,1000,20250630,899601,2
