date,type,limit,target,price,count,completed
201912,buy,False,000716,2.84,352100,True
201912,buy,False,603779,5.08,196800,True
201912,buy,False,000550,8.59,116400,True
201912,buy,False,600230,8.8,113600,True
201912,buy,False,000969,5.54,180500,True
201912,buy,False,002896,8.3,120400,True
201912,buy,False,002385,3.84,260400,True
201912,buy,False,002535,2.62,381600,True
201912,buy,False,600963,2.79,358400,True
201912,buy,False,600929,5.55,180100,True
202001,sell,False,000550,8.24,116400,True
202001,sell,False,000716,4.2,352100,True
202001,sell,False,000969,6.31,180500,True
202001,sell,False,002385,5.01,260400,True
202001,sell,False,002535,2.79,381600,True
202001,sell,False,002896,9.38,120400,True
202001,sell,False,600230,9.9,113600,True
202001,sell,False,600929,5.76,180100,True
202001,sell,False,600963,3.05,358400,True
202001,sell,False,603779,6.04,196800,True
202001,buy,False,603779,6.04,190700,True
202001,buy,False,002205,9.02,127700,True
202001,buy,False,601933,7.41,155400,True
202001,buy,False,600293,3.18,362300,True
202001,buy,False,600230,9.9,116300,True
202001,buy,False,002535,2.79,412900,True
202001,buy,False,002896,9.38,122800,True
202001,buy,False,000969,6.31,182500,True
202001,buy,False,600929,5.76,200000,True
202001,buy,False,002228,3.28,351200,True
202002,sell,False,000969,5.89,182500,True
202002,sell,False,002205,7.41,127700,True
202002,sell,False,002228,2.73,351200,True
202002,sell,False,002535,2.43,412900,True
202002,sell,False,002896,8.61,122800,True
202002,sell,False,600230,8.09,116300,True
202002,sell,False,600293,2.71,362300,True
202002,sell,False,600929,5.18,200000,True
202002,sell,False,601933,6.91,155400,True
202002,sell,False,603779,5.54,190700,True
202002,buy,False,603779,5.54,182900,True
202002,buy,False,600293,2.71,373900,True
202002,buy,False,002205,7.41,136700,True
202002,buy,False,600230,8.09,125200,True
202002,buy,False,601933,6.91,146600,True
202002,buy,False,601212,2.98,340000,True
202002,buy,False,002535,2.43,417000,True
202002,buy,False,000560,3.55,285400,True
202002,buy,False,002523,2.54,398900,True
202002,buy,False,600025,2.4,422200,True
202003,sell,False,000560,3.42,285400,True
202003,sell,False,002205,7.76,136700,True
202003,sell,False,002523,2.59,398900,True
202003,sell,False,002535,2.48,417000,True
202003,sell,False,600025,2.5,422200,True
202003,sell,False,600230,8.07,125200,True
202003,sell,False,600293,2.87,373900,True
202003,sell,False,601212,3.04,340000,True
202003,sell,False,601933,8.43,146600,True
202003,sell,False,603779,4.94,182900,True
202003,buy,False,603779,4.94,210800,True
202003,buy,False,002205,7.76,134200,True
202003,buy,False,601212,3.04,342600,True
202003,buy,False,600293,2.87,362900,True
202003,buy,False,002535,2.48,420000,True
202003,buy,False,600230,8.07,129000,True
202003,buy,False,000560,3.42,304600,True
202003,buy,False,600315,24.52,42400,True
202003,buy,False,600929,5.05,206200,True
202003,buy,False,600025,2.5,416700,True
202004,sell,False,000560,3.17,304600,True
202004,sell,False,002205,9.27,134200,True
202004,sell,False,002535,2.21,420000,True
202004,sell,False,600025,2.43,416700,True
202004,sell,False,600230,7.6,129000,True
202004,sell,False,600293,2.67,362900,True
202004,sell,False,600315,23.63,42400,True
202004,sell,False,600929,5.16,206200,True
202004,sell,False,601212,2.77,342600,True
202004,sell,False,603779,5.07,210800,True
202004,buy,False,603779,5.07,200900,True
202004,buy,False,603377,11.85,85900,True
202004,buy,False,002589,5.31,191800,True
202004,buy,False,601212,2.77,367800,True
202004,buy,False,000657,3.64,279800,True
202004,buy,False,002535,2.21,461000,True
202004,buy,False,600293,2.67,381500,True
202004,buy,False,600230,7.6,134000,True
202004,buy,False,600315,23.63,43100,True
202004,buy,False,000560,3.17,321300,True
202005,sell,False,000560,3.25,321300,True
202005,sell,False,000657,3.8,279800,True
202005,sell,False,002535,1.6,461000,True
202005,sell,False,002589,5.04,191800,True
202005,sell,False,600230,7.05,134000,True
202005,sell,False,600293,2.51,381500,True
202005,sell,False,600315,30.95,43100,True
202005,sell,False,601212,2.58,367800,True
202005,sell,False,603377,12.93,85900,True
202005,sell,False,603779,5.32,200900,True
202005,buy,False,600293,2.51,405500,True
202005,buy,False,600076,3.59,283500,True
202005,buy,False,002893,8.09,125800,True
202005,buy,False,000404,2.35,433100,True
202005,buy,False,002193,6.8,149600,True
202005,buy,False,002656,1.84,553200,True
202005,buy,False,002625,7.47,136200,True
202005,buy,False,603610,14.68,69300,True
202005,buy,False,603085,5.95,171000,True
202005,buy,False,600506,8.29,122700,True
202006,sell,False,000404,2.54,433100,True
202006,sell,False,002193,6.69,149600,True
202006,sell,False,002625,7.06,136200,True
202006,sell,False,002656,1.62,553200,True
202006,sell,False,002893,8.92,125800,True
202006,sell,False,600076,3.31,283500,True
202006,sell,False,600293,2.34,405500,True
202006,sell,False,600506,9.85,122700,True
202006,sell,False,603085,6.39,171000,True
202006,sell,False,603610,16.08,69300,True
202006,buy,False,601808,11.6,89500,True
202006,buy,False,600428,2.21,470000,True
202006,buy,False,600218,8.27,125600,True
202006,buy,False,002210,0.98,1059900,True
202006,buy,False,000404,2.54,408900,True
202006,buy,False,000820,0.96,1082000,True
202006,buy,False,002625,7.06,147100,True
202006,buy,False,002663,2.22,467900,True
202006,buy,False,603085,6.39,162500,True
202006,buy,False,000429,4.07,255200,True
202007,sell,False,000404,2.53,408900,True
202007,sell,False,000429,4.19,255200,True
202007,sell,False,000820,0.96,1082000,True
202007,sell,False,002210,1.02,1059900,True
202007,sell,False,002625,6.93,147100,True
202007,sell,False,002663,2.29,467900,True
202007,sell,False,600218,8.43,125600,True
202007,sell,False,600428,2.3,470000,True
202007,sell,False,601808,12.29,89500,True
202007,sell,False,603085,7.04,162500,True
202007,buy,False,601808,12.29,87000,True
202007,buy,False,002355,5.4,198100,True
202007,buy,False,600218,8.43,126900,True
202007,buy,False,002210,1.02,1049000,True
202007,buy,False,000404,2.53,422900,True
202007,buy,False,600428,2.3,465200,True
202007,buy,False,000820,0.96,1114500,True
202007,buy,False,002663,2.29,467200,True
202007,buy,False,002625,6.93,154400,True
202007,buy,False,002323,1.35,792500,True
202008,sell,False,000404,3.17,422900,True
202008,sell,False,000820,1.09,1114500,True
202008,sell,False,002210,2.36,1049000,True
202008,sell,False,002323,1.47,792500,True
202008,sell,False,002355,5.59,198100,True
202008,sell,False,002625,21.33,154400,True
202008,sell,False,002663,2.34,467200,True
202008,sell,False,600218,9.01,126900,True
202008,sell,False,600428,2.59,465200,True
202008,sell,False,601808,12.91,87000,True
202008,buy,False,002600,11.58,130900,True
202008,buy,False,002694,2.96,512200,True
202008,buy,False,603008,10.54,143800,True
202008,buy,False,601808,12.91,117400,True
202008,buy,False,002177,4.99,303800,True
202008,buy,False,002470,1.56,971900,True
202008,buy,False,603920,15.53,97600,True
202008,buy,False,600218,9.01,168200,True
202008,buy,False,600186,2.56,592300,True
202008,buy,False,600428,2.59,585400,True
202009,sell,False,002177,6.28,303800,True
202009,sell,False,002470,1.66,971900,True
202009,sell,False,002600,11.38,130900,True
202009,sell,False,002694,3.06,512200,True
202009,sell,False,600186,2.95,592300,True
202009,sell,False,600218,9.81,168200,True
202009,sell,False,600428,2.66,585400,True
202009,sell,False,601808,12.24,117400,True
202009,sell,False,603008,11.4,143800,True
202009,sell,False,603920,15.09,97600,True
202009,buy,False,002131,2.98,539700,True
202009,buy,False,600513,10.59,151800,True
202009,buy,False,603197,26.36,61000,True
202009,buy,False,002229,7.6,211600,True
202009,buy,False,000525,7.33,219400,True
202009,buy,False,600775,8.13,197800,True
202009,buy,False,002591,7.82,205700,True
202009,buy,False,002077,6.58,244400,True
202009,buy,False,002476,5.83,275900,True
202009,buy,False,002015,5.29,304000,True
202010,sell,False,000525,6.24,219400,True
202010,sell,False,002015,4.59,304000,True
202010,sell,False,002077,6.9,244400,True
202010,sell,False,002131,2.87,539700,True
202010,sell,False,002229,7.04,211600,True
202010,sell,False,002476,5.28,275900,True
202010,sell,False,002591,6.83,205700,True
202010,sell,False,600513,9.83,151800,True
202010,sell,False,600775,7.6,197800,True
202010,sell,False,603197,25.55,61000,True
202010,buy,False,000525,6.24,238900,True
202010,buy,False,002131,2.87,519400,True
202010,buy,False,000553,8.43,176800,True
202010,buy,False,002476,5.28,282300,True
202010,buy,False,002015,4.59,324800,True
202010,buy,False,600775,7.6,196100,True
202010,buy,False,002591,6.83,218200,True
202010,buy,False,000677,2.98,500300,True
202010,buy,False,600361,4.02,370800,True
202010,buy,False,600513,9.83,151600,True
202011,sell,False,000525,6.47,238900,True
202011,sell,False,000553,8.02,176800,True
202011,sell,False,000677,2.88,500300,True
202011,sell,False,002015,4.93,324800,True
202011,sell,False,002131,3.1,519400,True
202011,sell,False,002476,5.15,282300,True
202011,sell,False,002591,6.14,218200,True
202011,sell,False,600361,4.03,370800,True
202011,sell,False,600513,9.53,151600,True
202011,sell,False,600775,7.06,196100,True
202011,buy,False,000688,10.4,141600,True
202011,buy,False,603703,7.62,193300,True
202011,buy,False,600628,8.78,167800,True
202011,buy,False,600622,3.61,408200,True
202011,buy,False,600965,5.02,293500,True
202011,buy,False,603393,19.04,77300,True
202011,buy,False,601816,5.21,282800,True
202011,buy,False,600583,3.62,407000,True
202011,buy,False,002876,30.58,48100,True
202011,buy,False,600408,1.85,796500,True
202012,sell,False,000688,10.56,141600,True
202012,sell,False,002876,31.17,48100,True
202012,sell,False,600408,2.0,796500,True
202012,sell,False,600583,4.06,407000,True
202012,sell,False,600622,3.8,408200,True
202012,sell,False,600628,8.56,167800,True
202012,sell,False,600965,5.5,293500,True
202012,sell,False,601816,5.41,282800,True
202012,sell,False,603393,18.58,77300,True
202012,sell,False,603703,8.52,193300,True
202012,buy,False,603703,8.52,181400,True
202012,buy,False,000688,10.56,146400,True
202012,buy,False,603393,18.58,83200,True
202012,buy,False,601778,6.88,224700,True
202012,buy,False,600628,8.56,180600,True
202012,buy,False,000557,3.43,450800,True
202012,buy,False,603608,7.18,215300,True
202012,buy,False,603221,13.31,116100,True
202012,buy,False,002395,14.7,105100,True
202012,buy,False,002332,12.0,128800,True
202101,sell,False,000557,3.82,450800,True
202101,sell,False,000688,9.87,146400,True
202101,sell,False,002332,12.0,128800,True
202101,sell,False,002395,13.45,105100,True
202101,sell,False,600628,7.59,180600,True
202101,sell,False,601778,7.22,224700,True
202101,sell,False,603221,12.71,116100,True
202101,sell,False,603393,17.11,83200,True
202101,sell,False,603608,6.28,215300,True
202101,sell,False,603703,8.86,181400,True
202101,buy,False,000688,9.87,151800,True
202101,buy,False,603608,6.28,238500,True
202101,buy,False,603393,17.11,87500,True
202101,buy,False,002317,8.92,167900,True
202101,buy,False,600628,7.59,197400,True
202101,buy,False,002123,14.42,103900,True
202101,buy,False,000501,10.77,139100,True
202101,buy,False,603214,21.3,70300,True
202101,buy,False,002395,13.45,111300,True
202101,buy,False,002332,12.0,124800,True
202102,sell,False,000501,9.82,139100,True
202102,sell,False,000688,8.54,151800,True
202102,sell,False,002123,15.52,103900,True
202102,sell,False,002317,7.21,167900,True
202102,sell,False,002332,9.91,124800,True
202102,sell,False,002395,13.08,111300,True
202102,sell,False,600628,7.46,197400,True
202102,sell,False,603214,17.92,70300,True
202102,sell,False,603393,12.85,87500,True
202102,sell,False,603608,5.13,238500,True
202102,buy,False,000688,8.54,155300,True
202102,buy,False,000501,9.82,135000,True
202102,buy,False,603393,12.85,103200,True
202102,buy,False,603318,6.0,221000,True
202102,buy,False,002317,7.21,183900,True
202102,buy,False,002683,28.78,46000,True
202102,buy,False,002826,7.98,166200,True
202102,buy,False,603214,17.92,74000,True
202102,buy,False,600628,7.46,177800,True
202102,buy,False,600425,2.91,455800,True
202103,sell,False,000501,10.51,135000,True
202103,sell,False,000688,9.2,155300,True
202103,sell,False,002317,7.33,183900,True
202103,sell,False,002683,29.28,46000,True
202103,sell,False,002826,8.11,166200,True
202103,sell,False,600425,3.29,455800,True
202103,sell,False,600628,7.89,177800,True
202103,sell,False,603214,23.75,74000,True
202103,sell,False,603318,5.9,221000,True
202103,sell,False,603393,13.82,103200,True
202103,buy,False,000688,9.2,155200,True
202103,buy,False,002317,7.33,194800,True
202103,buy,False,603318,5.9,242100,True
202103,buy,False,002683,29.28,48700,True
202103,buy,False,000501,10.51,135900,True
202103,buy,False,600425,3.29,434200,True
202103,buy,False,002826,8.11,176100,True
202103,buy,False,603608,5.79,246700,True
202103,buy,False,600318,8.11,176100,True
202103,buy,False,002395,12.87,110900,True
202104,sell,False,000501,11.83,135900,True
202104,sell,False,000688,8.78,155200,True
202104,sell,False,002317,7.33,194800,True
202104,sell,False,002395,11.69,110900,True
202104,sell,False,002683,29.18,48700,True
202104,sell,False,002826,8.57,176100,True
202104,sell,False,600318,7.09,176100,True
202104,sell,False,600425,3.79,434200,True
202104,sell,False,603318,6.82,242100,True
202104,sell,False,603608,5.73,246700,True
202104,buy,False,000688,8.78,166100,True
202104,buy,False,002683,29.18,50000,True
202104,buy,False,002317,7.33,199000,True
202104,buy,False,600318,7.09,205700,True
202104,buy,False,002395,11.69,124800,True
202104,buy,False,600360,6.23,234100,True
202104,buy,False,603214,21.26,68600,True
202104,buy,False,603608,5.73,254600,True
202104,buy,False,002826,8.57,170200,True
202104,buy,False,600061,7.44,196100,True
202105,sell,False,000688,9.09,166100,True
202105,sell,False,002317,7.78,199000,True
202105,sell,False,002395,11.31,124800,True
202105,sell,False,002683,25.53,50000,True
202105,sell,False,002826,9.02,170200,True
202105,sell,False,600061,7.94,196100,True
202105,sell,False,600318,6.63,205700,True
202105,sell,False,600360,6.74,234100,True
202105,sell,False,603214,25.16,68600,True
202105,sell,False,603608,5.75,254600,True
202105,buy,False,002248,5.24,285700,True
202105,buy,False,600355,2.21,677500,True
202105,buy,False,600185,6.74,222100,True
202105,buy,False,600165,5.58,268300,True
202105,buy,False,000620,2.35,637100,True
202105,buy,False,000688,9.09,164700,True
202105,buy,False,002848,9.04,165600,True
202106,sell,False,000620,3.15,637100,True
202106,sell,False,000688,9.31,164700,True
202106,sell,False,002248,6.83,285700,True
202106,sell,False,002848,8.87,165600,True
202106,sell,False,600165,6.96,268300,True
202106,sell,False,600185,8.08,222100,True
202106,sell,False,600355,2.56,677500,True
202106,buy,False,002898,9.93,169600,True
202106,buy,False,002905,8.5,198200,True
202106,buy,False,002674,9.76,172600,True
202106,buy,False,603332,8.41,200300,True
202106,buy,False,603327,5.36,314300,True
202106,buy,False,002848,8.87,189900,True
202106,buy,False,600889,5.9,285600,True
202107,sell,False,002674,11.29,172600,True
202107,sell,False,002848,9.25,189900,True
202107,sell,False,002898,9.72,169600,True
202107,sell,False,002905,8.3,198200,True
202107,sell,False,600889,7.0,285600,True
202107,sell,False,603327,5.49,314300,True
202107,sell,False,603332,8.73,200300,True
202107,buy,False,002739,15.7,111600,True
202107,buy,False,002905,8.3,211200,True
202107,buy,False,603327,5.49,319300,True
202107,buy,False,002848,9.25,189500,True
202107,buy,False,000688,8.69,201700,True
202107,buy,False,600136,6.03,290700,True
202108,sell,False,000688,9.31,201700,True
202108,sell,False,002739,12.6,111600,True
202108,sell,False,002848,9.22,189500,True
202108,sell,False,002905,7.01,211200,True
202108,sell,False,600136,5.87,290700,True
202108,sell,False,603327,5.38,319300,True
202108,buy,False,002739,12.6,134500,True
202108,buy,False,002905,7.01,241700,True
202108,buy,False,600844,4.3,394100,True
202108,buy,False,002560,5.38,315000,True
202108,buy,False,000536,2.51,675200,True
202109,sell,False,000536,2.53,675200,True
202109,sell,False,002560,6.23,315000,True
202109,sell,False,002739,13.85,134500,True
202109,sell,False,002905,6.94,241700,True
202109,sell,False,600844,4.18,394100,True
202109,buy,False,002928,9.37,185000,True
202109,buy,False,600267,11.35,152700,True
202109,buy,False,603976,33.29,52000,True
202109,buy,False,603598,8.76,197800,True
202109,buy,False,000601,4.53,382600,True
202109,buy,False,000421,4.48,386900,True
202109,buy,False,600416,16.39,105700,True
202109,buy,False,002565,3.52,492400,True
202109,buy,False,601116,7.08,244800,True
202109,buy,False,600827,13.25,130800,True
202110,sell,False,000421,4.89,386900,True
202110,sell,False,000601,5.61,382600,True
202110,sell,False,002565,4.38,492400,True
202110,sell,False,002928,10.17,185000,True
202110,sell,False,600267,11.69,152700,True
202110,sell,False,600416,13.86,105700,True
202110,sell,False,600827,13.84,130800,True
202110,sell,False,601116,7.08,244800,True
202110,sell,False,603598,8.48,197800,True
202110,sell,False,603976,28.95,52000,True
202110,buy,False,002928,10.17,177500,True
202110,buy,False,600416,13.86,130200,True
202110,buy,False,603976,28.95,62300,True
202110,buy,False,002612,25.73,70100,True
202110,buy,False,603161,9.24,195400,True
202110,buy,False,600138,9.95,181400,True
202110,buy,False,000421,4.89,369300,True
202110,buy,False,603598,8.48,212900,True
202110,buy,False,600258,21.6,83600,True
202110,buy,False,600827,13.84,130400,True
202111,sell,False,000421,4.1,369300,True
202111,sell,False,002612,39.58,70100,True
202111,sell,False,002928,10.83,177500,True
202111,sell,False,600138,9.7,181400,True
202111,sell,False,600258,23.38,83600,True
202111,sell,False,600416,13.4,130200,True
202111,sell,False,600827,13.1,130400,True
202111,sell,False,603161,8.52,195400,True
202111,sell,False,603598,8.22,212900,True
202111,sell,False,603976,32.54,62300,True
202111,buy,False,600593,12.01,156700,True
202111,buy,False,002390,6.61,284800,True
202111,buy,False,002285,3.73,504800,True
202111,buy,False,600337,3.4,553800,True
202111,buy,False,600280,2.86,658300,True
202111,buy,False,002424,5.9,319100,True
202111,buy,False,002589,3.48,541000,True
202111,buy,False,003035,8.19,229900,True
202111,buy,False,600846,6.8,276900,True
202111,buy,False,600749,9.31,202200,True
202112,sell,False,002285,3.63,504800,True
202112,sell,False,002390,6.51,284800,True
202112,sell,False,002424,6.0,319100,True
202112,sell,False,002589,3.56,541000,True
202112,sell,False,003035,8.01,229900,True
202112,sell,False,600280,2.83,658300,True
202112,sell,False,600337,3.2,553800,True
202112,sell,False,600593,12.56,156700,True
202112,sell,False,600749,9.89,202200,True
202112,sell,False,600846,7.05,276900,True
202112,buy,False,600593,12.56,150600,True
202112,buy,False,002390,6.51,290700,True
202112,buy,False,002285,3.63,521400,True
202112,buy,False,601279,8.66,218500,True
202112,buy,False,003035,8.01,236200,True
202112,buy,False,600280,2.83,668800,True
202112,buy,False,002589,3.56,531600,True
202112,buy,False,600337,3.2,591400,True
202112,buy,False,601519,7.05,268400,True
202112,buy,False,002424,6.0,315400,True
202201,sell,False,002285,3.92,521400,True
202201,sell,False,002390,7.35,290700,True
202201,sell,False,002424,7.58,315400,True
202201,sell,False,002589,3.93,531600,True
202201,sell,False,003035,8.26,236200,True
202201,sell,False,600280,2.99,668800,True
202201,sell,False,600337,3.5,591400,True
202201,sell,False,600593,12.18,150600,True
202201,sell,False,601279,7.56,218500,True
202201,sell,False,601519,7.39,268400,True
202201,buy,False,600593,12.18,165400,True
202201,buy,False,002285,3.92,514100,True
202201,buy,False,002390,7.35,274200,True
202201,buy,False,601279,7.56,266500,True
202201,buy,False,000532,11.66,172800,True
202201,buy,False,003035,8.26,244000,True
202201,buy,False,601519,7.39,272700,True
202201,buy,False,600337,3.5,575800,True
202201,buy,False,600428,4.32,466500,True
202201,buy,False,600280,2.99,674000,True
202202,sell,False,000532,10.96,172800,True
202202,sell,False,002285,3.43,514100,True
202202,sell,False,002390,5.35,274200,True
202202,sell,False,003035,6.97,244000,True
202202,sell,False,600280,2.9,674000,True
202202,sell,False,600337,3.48,575800,True
202202,sell,False,600428,3.78,466500,True
202202,sell,False,600593,10.68,165400,True
202202,sell,False,601279,6.66,266500,True
202202,sell,False,601519,6.85,272700,True
202202,buy,False,002285,3.43,523500,True
202202,buy,False,002390,5.35,335600,True
202202,buy,False,000532,10.96,163800,True
202202,buy,False,603779,6.98,257200,True
202202,buy,False,601279,6.66,269600,True
202202,buy,False,600428,3.78,475100,True
202202,buy,False,003035,6.97,257600,True
202202,buy,False,600497,4.23,424500,True
202202,buy,False,600593,10.68,168100,True
202202,buy,False,002683,24.5,73300,True
202203,sell,False,000532,11.73,163800,True
202203,sell,False,002285,3.43,523500,True
202203,sell,False,002390,5.52,335600,True
202203,sell,False,002683,25.63,73300,True
202203,sell,False,003035,7.28,257600,True
202203,sell,False,600428,4.09,475100,True
202203,sell,False,600497,4.77,424500,True
202203,sell,False,600593,11.23,168100,True
202203,sell,False,601279,7.08,269600,True
202203,sell,False,603779,7.0,257200,True
202203,buy,False,002285,3.43,550800,True
202203,buy,False,002390,5.52,342200,True
202203,buy,False,002466,95.65,19700,True
202203,buy,False,000532,11.73,161000,True
202203,buy,False,600210,5.9,320200,True
202203,buy,False,601778,7.34,257300,True
202203,buy,False,000507,5.96,316900,True
202203,buy,False,600428,4.09,461900,True
202203,buy,False,600348,6.12,308700,True
202203,buy,False,000050,11.57,163200,True
202204,sell,False,000050,10.33,163200,True
202204,sell,False,000507,5.43,316900,True
202204,sell,False,000532,11.77,161000,True
202204,sell,False,002285,4.7,550800,True
202204,sell,False,002390,5.98,342200,True
202204,sell,False,002466,76.4,19700,True
202204,sell,False,600210,4.84,320200,True
202204,sell,False,600348,6.04,308700,True
202204,sell,False,600428,3.69,461900,True
202204,sell,False,601778,5.8,257300,True
202204,buy,False,600428,3.69,489400,True
202204,buy,False,601778,5.8,311400,True
202204,buy,False,003035,6.66,271100,True
202204,buy,False,600210,4.84,373100,True
202204,buy,False,603060,10.39,173800,True
202204,buy,False,000883,3.89,464200,True
202204,buy,False,002386,7.56,238900,True
202204,buy,False,601600,5.27,342700,True
202204,buy,False,600691,4.59,393400,True
202204,buy,False,002493,13.77,131100,True
202205,sell,False,000883,3.71,464200,True
202205,sell,False,002386,6.47,238900,True
202205,sell,False,002493,13.23,131100,True
202205,sell,False,003035,5.7,271100,True
202205,sell,False,600210,3.62,373100,True
202205,sell,False,600428,3.56,489400,True
202205,sell,False,600691,3.7,393400,True
202205,sell,False,601600,4.18,342700,True
202205,sell,False,601778,4.59,311400,True
202205,sell,False,603060,8.91,173800,True
202205,buy,False,600732,9.61,161300,True
202205,buy,False,002529,11.41,135900,True
202205,buy,False,600744,4.11,377300,True
202205,buy,False,002867,9.6,161500,True
202206,sell,False,002529,17.5,135900,True
202206,sell,False,002867,11.03,161500,True
202206,sell,False,600732,17.75,161300,True
202206,sell,False,600744,4.88,377300,True
202206,buy,False,605555,11.86,153200,True
202206,buy,False,002529,17.5,103800,True
202206,buy,False,600515,3.37,539200,True
202206,buy,False,603096,15.31,118600,True
202207,sell,False,002529,18.48,103800,True
202207,sell,False,600515,3.37,539200,True
202207,sell,False,603096,15.94,118600,True
202207,sell,False,605555,13.14,153200,True
202207,buy,False,002529,18.48,100300,True
202207,buy,False,600744,4.95,374600,True
202207,buy,False,003004,20.9,88700,True
202207,buy,False,603096,15.94,116300,True
202207,buy,False,002387,6.88,269500,True
202207,buy,False,600722,5.5,337100,True
202208,sell,False,002387,6.78,269500,True
202208,sell,False,002529,23.16,100300,True
202208,sell,False,003004,21.35,88700,True
202208,sell,False,600722,5.36,337100,True
202208,sell,False,600744,4.92,374600,True
202208,sell,False,603096,15.71,116300,True
202208,buy,False,603589,45.7,41400,True
202208,buy,False,002867,11.14,170000,True
202208,buy,False,600515,3.14,603200,True
202209,sell,False,002867,10.02,170000,True
202209,sell,False,600515,3.66,603200,True
202209,sell,False,603589,46.0,41400,True
202209,buy,False,601828,4.86,392500,True
202209,buy,False,600645,18.13,105200,True
202209,buy,False,000875,6.26,304700,True
202209,buy,False,002023,9.42,202500,True
202209,buy,False,600010,2.0,953800,True
202209,buy,False,002237,9.39,203100,True
202209,buy,False,600966,7.24,263400,True
202209,buy,False,000050,9.38,203300,True
202209,buy,False,603638,16.81,113400,True
202209,buy,False,600955,26.41,72200,True
202210,sell,False,000050,8.55,203300,True
202210,sell,False,000875,5.72,304700,True
202210,sell,False,002023,8.34,202500,True
202210,sell,False,002237,8.86,203100,True
202210,sell,False,600010,1.85,953800,True
202210,sell,False,600645,17.02,105200,True
202210,sell,False,600955,21.75,72200,True
202210,sell,False,600966,6.84,263400,True
202210,sell,False,601828,4.3,392500,True
202210,sell,False,603638,13.81,113400,True
202210,buy,False,601828,4.3,398900,True
202210,buy,False,600645,17.02,100700,True
202210,buy,False,000875,5.72,299900,True
202210,buy,False,000958,3.72,461100,True
202210,buy,False,002398,5.46,314200,True
202210,buy,False,003010,4.43,387200,True
202210,buy,False,002198,4.9,350100,True
202210,buy,False,600691,3.55,483200,True
202210,buy,False,002023,8.34,205700,True
202210,buy,False,600708,2.15,797900,True
202211,sell,False,000875,5.67,299900,True
202211,sell,False,000958,3.74,461100,True
202211,sell,False,002023,9.0,205700,True
202211,sell,False,002198,5.79,350100,True
202211,sell,False,002398,5.28,314200,True
202211,sell,False,003010,5.53,387200,True
202211,sell,False,600645,18.88,100700,True
202211,sell,False,600691,3.04,483200,True
202211,sell,False,600708,2.01,797900,True
202211,sell,False,601828,4.15,398900,True
202211,buy,False,600665,2.83,626700,True
202211,buy,False,002602,3.71,478000,True
202211,buy,False,600162,1.3,1364300,True
202211,buy,False,002643,13.28,133500,True
202211,buy,False,600708,2.01,882400,True
202211,buy,False,000681,10.08,175900,True
202211,buy,False,002870,27.05,65500,True
202211,buy,False,605138,10.41,170300,True
202211,buy,False,600638,4.81,368700,True
202211,buy,False,601866,2.25,788200,True
202212,sell,False,000681,12.09,175900,True
202212,sell,False,002602,3.98,478000,True
202212,sell,False,002643,16.6,133500,True
202212,sell,False,002870,26.14,65500,True
202212,sell,False,600162,1.71,1364300,True
202212,sell,False,600638,6.28,368700,True
202212,sell,False,600665,3.91,626700,True
202212,sell,False,600708,2.64,882400,True
202212,sell,False,601866,2.45,788200,True
202212,sell,False,605138,11.48,170300,True
202212,buy,False,600448,3.43,620300,True
202212,buy,False,002602,3.98,534500,True
202212,buy,False,600251,8.18,260100,True
202212,buy,False,000681,12.09,175900,True
202212,buy,False,002870,26.14,81300,True
202212,buy,False,002643,16.6,128100,True
202212,buy,False,003039,18.71,113700,True
202212,buy,False,601866,2.45,868400,True
202212,buy,False,002635,12.6,168800,True
202212,buy,False,600119,6.68,318500,True
202301,sell,False,000681,12.25,175900,True
202301,sell,False,002602,3.77,534500,True
202301,sell,False,002635,11.65,168800,True
202301,sell,False,002643,14.31,128100,True
202301,sell,False,002870,25.97,81300,True
202301,sell,False,003039,16.44,113700,True
202301,sell,False,600119,6.72,318500,True
202301,sell,False,600251,7.63,260100,True
202301,sell,False,600448,3.17,620300,True
202301,sell,False,601866,2.25,868400,True
202301,buy,False,000957,11.88,168300,True
202301,buy,False,003039,16.44,121600,True
202301,buy,False,002643,14.31,139700,True
202301,buy,False,002635,11.65,171600,True
202301,buy,False,600006,5.5,363600,True
202301,buy,False,000966,4.51,443400,True
202301,buy,False,603319,10.11,197800,True
202301,buy,False,603717,6.88,290700,True
202301,buy,False,002602,3.77,530500,True
202301,buy,False,603683,7.72,259000,True
202302,sell,False,000957,12.69,168300,True
202302,sell,False,000966,4.85,443400,True
202302,sell,False,002602,4.03,530500,True
202302,sell,False,002635,13.55,171600,True
202302,sell,False,002643,16.87,139700,True
202302,sell,False,003039,17.38,121600,True
202302,sell,False,600006,5.95,363600,True
202302,sell,False,603319,11.24,197800,True
202302,sell,False,603683,8.69,259000,True
202302,sell,False,603717,7.88,290700,True
202302,buy,False,000957,12.69,174500,True
202302,buy,False,002472,29.34,75500,True
202302,buy,False,601689,48.44,45700,True
202302,buy,False,601966,21.14,104700,True
202302,buy,False,603015,7.33,302200,True
202302,buy,False,600251,8.14,272100,True
202302,buy,False,002635,13.55,163400,True
202302,buy,False,000404,5.51,402000,True
202302,buy,False,002031,3.68,601900,True
202302,buy,False,603319,11.24,197000,True
202303,sell,False,000404,5.26,402000,True
202303,sell,False,000957,12.28,174500,True
202303,sell,False,002031,3.5,601900,True
202303,sell,False,002472,26.48,75500,True
202303,sell,False,002635,13.47,163400,True
202303,sell,False,600251,8.1,272100,True
202303,sell,False,601689,44.95,45700,True
202303,sell,False,601966,21.64,104700,True
202303,sell,False,603015,7.41,302200,True
202303,sell,False,603319,11.89,197000,True
202303,buy,False,002962,11.0,197000,True
202303,buy,False,002250,16.39,132200,True
202303,buy,False,000957,12.28,176500,True
202303,buy,False,002418,3.19,679500,True
202303,buy,False,002543,8.33,260200,True
202303,buy,False,601689,44.95,48200,True
202303,buy,False,002472,26.48,81800,True
202303,buy,False,601866,2.33,930300,True
202303,buy,False,603706,12.29,176300,True
202303,buy,False,600795,3.4,637500,True
202304,sell,False,000957,10.64,176500,True
202304,sell,False,002250,13.91,132200,True
202304,sell,False,002418,2.86,679500,True
202304,sell,False,002472,25.8,81800,True
202304,sell,False,002543,7.74,260200,True
202304,sell,False,002962,11.99,197000,True
202304,sell,False,600795,3.27,637500,True
202304,sell,False,601689,42.71,48200,True
202304,sell,False,601866,2.28,930300,True
202304,sell,False,603706,11.51,176300,True
202304,buy,False,002543,7.74,264100,True
202304,buy,False,600026,11.97,170800,True
202304,buy,False,002250,13.91,147000,True
202304,buy,False,000957,10.64,192100,True
202304,buy,False,601689,42.71,47800,True
202304,buy,False,002472,25.8,79200,True
202304,buy,False,603706,11.51,177600,True
202304,buy,False,600795,3.27,625300,True
202304,buy,False,600448,3.14,651200,True
202304,buy,False,605138,9.63,212300,True
202305,sell,False,000957,9.91,192100,True
202305,sell,False,002250,11.9,147000,True
202305,sell,False,002472,22.7,79200,True
202305,sell,False,002543,7.44,264100,True
202305,sell,False,600026,12.19,170800,True
202305,sell,False,600448,2.89,651200,True
202305,sell,False,600795,3.33,625300,True
202305,sell,False,601689,33.68,47800,True
202305,sell,False,603706,12.04,177600,True
202305,sell,False,605138,8.42,212300,True
202305,buy,False,000558,2.84,669100,True
202305,buy,False,000711,1.52,1250300,True
202305,buy,False,600995,13.43,141500,True
202305,buy,False,002355,3.86,492300,True
202305,buy,False,603353,15.8,120200,True
202306,sell,False,000558,3.15,669100,True
202306,sell,False,000711,1.41,1250300,True
202306,sell,False,002355,4.07,492300,True
202306,sell,False,600995,12.4,141500,True
202306,sell,False,603353,15.33,120200,True
202306,buy,False,000711,1.41,1345800,True
202306,buy,False,603353,15.33,123700,True
202306,buy,False,000637,3.17,598600,True
202307,sell,False,000637,3.48,598600,True
202307,sell,False,000711,2.0,1345800,True
202307,sell,False,603353,18.16,123700,True
202307,buy,False,002186,12.13,167400,True
202307,buy,False,002582,5.86,346500,True
202307,buy,False,000711,2.0,1015200,True
202307,buy,False,600995,10.79,188100,True
202307,buy,False,002820,11.01,184400,True
202307,buy,False,600221,1.59,1277100,True
202307,buy,False,000679,4.97,408500,True
202307,buy,False,605089,38.44,52800,True
202307,buy,False,600029,6.05,335600,True
202307,buy,False,000978,7.5,270700,True
202308,sell,False,000679,6.01,408500,True
202308,sell,False,000711,1.77,1015200,True
202308,sell,False,000978,8.1,270700,True
202308,sell,False,002186,14.7,167400,True
202308,sell,False,002582,6.64,346500,True
202308,sell,False,002820,11.93,184400,True
202308,sell,False,600029,7.0,335600,True
202308,sell,False,600221,1.68,1277100,True
202308,sell,False,600995,11.09,188100,True
202308,sell,False,605089,45.95,52800,True
202308,buy,False,000711,1.77,1266400,True
202308,buy,False,600995,11.09,202100,True
202308,buy,False,002762,10.6,211400,True
202308,buy,False,002550,5.06,443000,True
202308,buy,False,000803,6.81,329100,True
202308,buy,False,605305,21.24,105500,True
202308,buy,False,600130,4.23,529900,True
202308,buy,False,002234,19.55,114600,True
202308,buy,False,603027,14.1,158900,True
202308,buy,False,002304,137.19,16300,True
202309,sell,False,000711,1.95,1266400,True
202309,sell,False,000803,5.86,329100,True
202309,sell,False,002234,14.85,114600,True
202309,sell,False,002304,126.19,16300,True
202309,sell,False,002550,4.83,443000,True
202309,sell,False,002762,9.25,211400,True
202309,sell,False,600130,4.15,529900,True
202309,sell,False,600995,9.6,202100,True
202309,sell,False,603027,12.9,158900,True
202309,sell,False,605305,22.12,105500,True
202309,buy,False,600754,37.31,55700,True
202309,buy,False,002800,11.21,185400,True
202309,buy,False,002727,21.88,94900,True
202309,buy,False,600009,38.59,53800,True
202309,buy,False,002166,7.37,282000,True
202309,buy,False,000716,6.98,297700,True
202309,buy,False,600586,7.29,285100,True
202309,buy,False,002218,4.29,484500,True
202309,buy,False,002241,14.83,140100,True
202309,buy,False,603882,57.85,35900,True
202310,sell,False,000716,6.7,297700,True
202310,sell,False,002166,7.28,282000,True
202310,sell,False,002218,4.23,484500,True
202310,sell,False,002241,15.69,140100,True
202310,sell,False,002727,22.31,94900,True
202310,sell,False,002800,11.37,185400,True
202310,sell,False,600009,37.15,53800,True
202310,sell,False,600586,7.16,285100,True
202310,sell,False,600754,36.2,55700,True
202310,sell,False,603882,60.38,35900,True
202310,buy,False,600754,36.2,57300,True
202310,buy,False,002800,11.37,182500,True
202310,buy,False,002727,22.31,93000,True
202310,buy,False,002219,3.47,598000,True
202310,buy,False,600009,37.15,55800,True
202310,buy,False,603882,60.38,34300,True
202310,buy,False,002241,15.69,132200,True
202310,buy,False,600004,10.94,189600,True
202310,buy,False,000716,6.7,309700,True
202310,buy,False,002166,7.28,285000,True
202311,sell,False,000716,6.18,309700,True
202311,sell,False,002166,7.17,285000,True
202311,sell,False,002219,3.21,598000,True
202311,sell,False,002241,17.51,132200,True
202311,sell,False,002727,20.31,93000,True
202311,sell,False,002800,12.24,182500,True
202311,sell,False,600004,10.37,189600,True
202311,sell,False,600009,36.28,55800,True
202311,sell,False,600754,31.73,57300,True
202311,sell,False,603882,60.03,34300,True
202311,buy,False,600754,31.73,63600,True
202311,buy,False,600654,2.2,917800,True
202311,buy,False,002866,19.7,102500,True
202311,buy,False,002201,7.43,271700,True
202311,buy,False,600032,8.13,248300,True
202311,buy,False,000690,4.34,465200,True
202311,buy,False,002307,4.8,420700,True
202311,buy,False,002386,5.41,373200,True
202311,buy,False,603516,17.72,113900,True
202311,buy,False,600685,22.31,90500,True
202312,sell,False,000690,4.12,465200,True
202312,sell,False,002201,7.26,271700,True
202312,sell,False,002307,4.5,420700,True
202312,sell,False,002386,5.21,373200,True
202312,sell,False,002866,22.78,102500,True
202312,sell,False,600032,8.01,248300,True
202312,sell,False,600654,2.37,917800,True
202312,sell,False,600685,23.73,90500,True
202312,sell,False,600754,32.92,63600,True
202312,sell,False,603516,21.84,113900,True
202312,buy,False,000690,4.12,508700,True
202312,buy,False,600032,8.01,261600,True
202312,buy,False,002201,7.26,288700,True
202312,buy,False,000021,16.68,125600,True
202312,buy,False,600754,32.92,63600,True
202312,buy,False,601991,2.43,862500,True
202312,buy,False,000539,5.08,412500,True
202312,buy,False,600654,2.37,884300,True
202312,buy,False,600685,23.73,88300,True
202312,buy,False,002386,5.21,402200,True
202401,sell,False,000021,15.84,125600,True
202401,sell,False,000539,4.84,412500,True
202401,sell,False,000690,3.92,508700,True
202401,sell,False,002201,7.27,288700,True
202401,sell,False,002386,5.08,402200,True
202401,sell,False,600032,7.87,261600,True
202401,sell,False,600654,2.42,884300,True
202401,sell,False,600685,25.6,88300,True
202401,sell,False,600754,29.0,63600,True
202401,sell,False,601991,2.36,862500,True
202401,buy,False,600032,7.87,260000,True
202401,buy,False,000690,3.92,522100,True
202401,buy,False,601968,4.96,412600,True
202401,buy,False,600754,29.0,70500,True
202401,buy,False,002866,21.17,96600,True
202401,buy,False,002201,7.27,281500,True
202401,buy,False,000539,4.84,422800,True
202401,buy,False,603885,11.74,174300,True
202401,buy,False,600166,2.72,752400,True
202401,buy,False,601991,2.36,867200,True
202402,sell,False,000539,4.75,422800,True
202402,sell,False,000690,4.3,522100,True
202402,sell,False,002201,5.24,281500,True
202402,sell,False,002866,14.03,96600,True
202402,sell,False,600032,6.93,260000,True
202402,sell,False,600166,2.42,752400,True
202402,sell,False,600754,24.08,70500,True
202402,sell,False,601968,5.39,412600,True
202402,sell,False,601991,2.35,867200,True
202402,sell,False,603885,11.59,174300,True
202402,buy,False,002201,5.24,356700,True
202402,buy,False,002866,14.03,133200,True
202402,buy,False,600754,24.08,77600,True
202402,buy,False,000716,4.81,388600,True
202402,buy,False,600032,6.93,269700,True
202402,buy,False,600858,4.51,414400,True
202402,buy,False,000021,11.48,162800,True
202402,buy,False,603520,10.12,184700,True
202402,buy,False,600166,2.42,772300,True
202402,buy,False,603885,11.59,161200,True
202403,sell,False,000021,13.9,162800,True
202403,sell,False,000716,4.85,388600,True
202403,sell,False,002201,5.62,356700,True
202403,sell,False,002866,15.37,133200,True
202403,sell,False,600032,7.54,269700,True
202403,sell,False,600166,2.88,772300,True
202403,sell,False,600754,28.01,77600,True
202403,sell,False,600858,4.25,414400,True
202403,sell,False,603520,10.15,184700,True
202403,sell,False,603885,13.05,161200,True
202403,buy,False,002980,13.85,147000,True
202403,buy,False,002201,5.62,362500,True
202403,buy,False,603291,11.44,178000,True
202403,buy,False,600858,4.25,479300,True
202403,buy,False,000504,7.85,259500,True
202403,buy,False,000716,4.85,420000,True
202403,buy,False,002715,10.37,196400,True
202403,buy,False,600367,10.08,202100,True
202403,buy,False,002735,9.27,219700,True
202403,buy,False,605208,6.62,307700,True
202404,sell,False,000504,8.64,259500,True
202404,sell,False,000716,4.96,420000,True
202404,sell,False,002201,5.78,362500,True
202404,sell,False,002715,14.55,196400,True
202404,sell,False,002735,12.68,219700,True
202404,sell,False,002980,18.74,147000,True
202404,sell,False,600367,10.53,202100,True
202404,sell,False,600858,4.48,479300,True
202404,sell,False,603291,11.38,178000,True
202404,sell,False,605208,7.37,307700,True
202404,buy,False,600858,4.48,522100,True
202404,buy,False,603291,11.38,205500,True
202404,buy,False,002201,5.78,404700,True
202404,buy,False,600032,7.07,330800,True
202404,buy,False,002307,3.77,620400,True
202404,buy,False,000716,4.96,471600,True
202404,buy,False,601121,5.75,406800,True
202404,buy,False,600545,2.34,999600,True
202404,buy,False,002826,8.52,274500,True
202404,buy,False,600085,39.52,59100,True
202405,sell,False,000716,4.56,471600,True
202405,sell,False,002201,5.76,404700,True
202405,sell,False,002307,3.65,620400,True
202405,sell,False,002826,8.84,274500,True
202405,sell,False,600032,7.46,330800,True
202405,sell,False,600085,41.5,59100,True
202405,sell,False,600545,2.04,999600,True
202405,sell,False,600858,4.73,522100,True
202405,sell,False,601121,6.46,406800,True
202405,sell,False,603291,14.25,205500,True
202405,buy,False,605069,6.85,352700,True
202405,buy,False,000632,3.21,752700,True
202405,buy,False,000609,3.19,757500,True
202405,buy,False,603023,2.75,878700,True
202405,buy,False,002856,7.6,317900,True
202405,buy,False,002369,4.29,563200,True
202405,buy,False,002868,15.75,153400,True
202405,buy,False,000546,5.21,463800,True
202405,buy,False,600365,2.72,888400,True
202405,buy,False,600149,3.84,629200,True
202406,sell,False,000546,4.78,463800,True
202406,sell,False,000609,1.51,757500,True
202406,sell,False,000632,3.22,752700,True
202406,sell,False,002369,4.14,563200,True
202406,sell,False,002856,8.34,317900,True
202406,sell,False,002868,16.59,153400,True
202406,sell,False,600149,3.83,629200,True
202406,sell,False,600365,2.8,888400,True
202406,sell,False,603023,1.85,878700,True
202406,sell,False,605069,7.16,352700,True
202406,buy,False,000632,3.22,694500,True
202406,buy,False,605069,7.16,312300,True
202406,buy,False,000609,1.51,1480900,True
202406,buy,False,603023,1.85,1208800,True
202406,buy,False,002856,8.34,268100,True
202406,buy,False,002369,4.14,540100,True
202406,buy,False,605398,15.65,142800,True
202406,buy,False,600149,3.83,583800,True
202406,buy,False,600365,2.8,798600,True
202407,sell,False,000609,1.69,1480900,True
202407,sell,False,000632,2.7,694500,True
202407,sell,False,002369,3.7,540100,True
202407,sell,False,002856,9.48,268100,True
202407,sell,False,600149,3.25,583800,True
202407,sell,False,600365,2.36,798600,True
202407,sell,False,603023,1.67,1208800,True
202407,sell,False,605069,6.12,312300,True
202407,sell,False,605398,14.59,142800,True
202407,buy,False,000632,2.7,776000,True
202407,buy,False,605069,6.12,342300,True
202407,buy,False,000609,1.69,1239800,True
202407,buy,False,603023,1.67,1254600,True
202407,buy,False,600715,1.29,1624200,True
202407,buy,False,002856,9.48,221000,True
202407,buy,False,000546,4.03,519900,True
202407,buy,False,600149,3.25,644600,True
202407,buy,False,002868,13.32,157300,True
202407,buy,False,603188,2.26,927100,True
202408,sell,False,000546,4.14,519900,True
202408,sell,False,000609,1.81,1239800,True
202408,sell,False,000632,2.78,776000,True
202408,sell,False,002856,7.4,221000,True
202408,sell,False,002868,13.23,157300,True
202408,sell,False,600149,3.35,644600,True
202408,sell,False,600715,1.32,1624200,True
202408,sell,False,603023,1.93,1254600,True
202408,sell,False,603188,2.57,927100,True
202408,sell,False,605069,6.06,342300,True
202408,buy,False,000632,2.78,771600,True
202408,buy,False,605069,6.06,354000,True
202408,buy,False,000609,1.81,1185200,True
202408,buy,False,603023,1.93,1111500,True
202408,buy,False,002052,1.34,1600900,True
202408,buy,False,002856,7.4,289900,True
202408,buy,False,600715,1.32,1625200,True
202408,buy,False,600779,35.66,60100,True
202408,buy,False,002515,3.88,552900,True
202408,buy,False,600149,3.35,640300,True
202409,sell,False,000609,2.0,1185200,True
202409,sell,False,000632,2.6,771600,True
202409,sell,False,002052,2.48,1600900,True
202409,sell,False,002515,4.35,552900,True
202409,sell,False,002856,6.81,289900,True
202409,sell,False,600149,3.26,640300,True
202409,sell,False,600715,1.5,1625200,True
202409,sell,False,600779,32.04,60100,True
202409,sell,False,603023,1.93,1111500,True
202409,sell,False,605069,5.74,354000,True
202409,buy,False,603687,5.84,399900,True
202409,buy,False,000009,7.54,309700,True
202409,buy,False,002723,5.01,466200,True
202409,buy,False,601888,58.95,39600,True
202409,buy,False,002201,4.19,557400,True
202409,buy,False,605266,18.4,126900,True
202409,buy,False,600595,2.43,961200,True
202409,buy,False,603178,19.02,122800,True
202409,buy,False,600630,7.27,321200,True
202409,buy,False,603305,8.57,272500,True
202410,sell,False,000009,10.54,309700,True
202410,sell,False,002201,5.52,557400,True
202410,sell,False,002723,6.72,466200,True
202410,sell,False,600595,3.33,961200,True
202410,sell,False,600630,9.68,321200,True
202410,sell,False,601888,83.87,39600,True
202410,sell,False,603178,24.71,122800,True
202410,sell,False,603305,11.68,272500,True
202410,sell,False,603687,7.76,399900,True
202410,sell,False,605266,25.65,126900,True
202410,buy,False,603687,7.76,408300,True
202410,buy,False,002723,6.72,471500,True
202410,buy,False,002748,6.2,511000,True
202410,buy,False,002042,4.02,788100,True
202410,buy,False,600654,2.82,1123500,True
202410,buy,False,002201,5.52,574000,True
202410,buy,False,605366,6.71,472200,True
202410,buy,False,002397,2.69,1177800,True
202410,buy,False,600200,11.59,273300,True
202410,buy,False,002196,5.85,541600,True
202411,sell,False,002042,3.82,788100,True
202411,sell,False,002196,5.26,541600,True
202411,sell,False,002201,5.39,574000,True
202411,sell,False,002397,2.64,1177800,True
202411,sell,False,002723,6.01,471500,True
202411,sell,False,002748,6.42,511000,True
202411,sell,False,600200,10.0,273300,True
202411,sell,False,600654,2.72,1123500,True
202411,sell,False,603687,7.44,408300,True
202411,sell,False,605366,6.25,472200,True
202411,buy,False,600884,9.02,332100,True
202411,buy,False,000600,5.11,586200,True
202411,buy,False,603728,46.27,64700,True
202411,buy,False,600955,14.95,200300,True
202411,buy,False,603187,11.1,269800,True
202411,buy,False,002015,7.98,375400,True
202411,buy,False,603610,9.21,325200,True
202411,buy,False,600759,2.44,1227700,True
202411,buy,False,000529,5.62,533000,True
202411,buy,False,600027,5.68,527400,True
202412,sell,False,000529,6.29,533000,True
202412,sell,False,000600,5.01,586200,True
202412,sell,False,002015,8.01,375400,True
202412,sell,False,600027,5.05,527400,True
202412,sell,False,600759,3.09,1227700,True
202412,sell,False,600884,8.7,332100,True
202412,sell,False,600955,14.94,200300,True
202412,sell,False,603187,10.9,269800,True
202412,sell,False,603610,10.16,325200,True
202412,sell,False,603728,55.22,64700,True
202412,buy,False,600884,8.7,361500,True
202412,buy,False,601020,14.36,219000,True
202412,buy,False,000600,5.01,627900,True
202412,buy,False,600547,23.86,131800,True
202412,buy,False,603187,10.9,288600,True
202412,buy,False,600027,5.05,622900,True
202412,buy,False,000539,4.64,677900,True
202412,buy,False,600955,14.94,210500,True
202412,buy,False,000537,9.09,346000,True
202412,buy,False,000993,9.05,347600,True
202501,sell,False,000537,8.9,346000,True
202501,sell,False,000539,4.52,677900,True
202501,sell,False,000600,5.45,627900,True
202501,sell,False,000993,8.38,347600,True
202501,sell,False,600027,5.37,622900,True
202501,sell,False,600547,22.35,131800,True
202501,sell,False,600884,7.45,361500,True
202501,sell,False,600955,15.23,210500,True
202501,sell,False,601020,12.64,219000,True
202501,sell,False,603187,10.71,288600,True
202501,buy,False,600795,4.38,697000,True
202501,buy,False,600547,22.35,136600,True
202501,buy,False,605116,20.75,147100,True
202501,buy,False,600759,2.26,1351000,True
202501,buy,False,000993,8.38,364300,True
202501,buy,False,600027,5.37,568500,True
202501,buy,False,000543,7.53,405400,True
202501,buy,False,600801,11.64,262300,True
202501,buy,False,000600,5.45,560200,True
202501,buy,False,600884,7.45,409800,True
202502,sell,False,000543,6.89,405400,True
202502,sell,False,000600,5.17,560200,True
202502,sell,False,000993,8.38,364300,True
202502,sell,False,600027,4.95,568500,True
202502,sell,False,600547,24.88,136600,True
202502,sell,False,600759,2.16,1351000,True
202502,sell,False,600795,4.0,697000,True
202502,sell,False,600801,11.84,262300,True
202502,sell,False,600884,6.96,409800,True
202502,sell,False,605116,20.08,147100,True
202502,buy,False,000550,21.97,134600,True
202502,buy,False,600795,4.0,739400,True
202502,buy,False,605116,20.08,147200,True
202502,buy,False,000543,6.89,429200,True
202502,buy,False,600547,24.88,118800,True
202502,buy,False,603882,23.92,123600,True
202502,buy,False,600759,2.16,1369200,True
202502,buy,False,000625,12.27,241000,True
202502,buy,False,601188,3.35,882800,True
202502,buy,False,600801,11.84,249800,True
202503,sell,False,000543,7.05,429200,True
202503,sell,False,000550,21.57,134600,True
202503,sell,False,000625,12.59,241000,True
202503,sell,False,600547,23.17,118800,True
202503,sell,False,600759,2.24,1369200,True
202503,sell,False,600795,4.02,739400,True
202503,sell,False,600801,11.52,249800,True
202503,sell,False,601188,3.16,882800,True
202503,sell,False,603882,34.34,123600,True
202503,sell,False,605116,19.79,147200,True
202503,buy,False,600795,4.02,760800,True
202503,buy,False,600547,23.17,132000,True
202503,buy,False,600312,15.33,199500,True
202503,buy,False,000543,7.05,433800,True
202503,buy,False,605116,19.79,154500,True
202503,buy,False,600886,13.86,220600,True
202503,buy,False,002004,3.66,835700,True
202503,buy,False,000537,8.06,379400,True
202503,buy,False,000598,6.45,474200,True
202503,buy,False,600236,6.02,508000,True
202504,sell,False,000537,8.27,379400,True
202504,sell,False,000543,7.15,433800,True
202504,sell,False,000598,6.6,474200,True
202504,sell,False,002004,3.76,835700,True
202504,sell,False,600236,6.27,508000,True
202504,sell,False,600312,17.18,199500,True
202504,sell,False,600547,26.68,132000,True
202504,sell,False,600795,4.24,760800,True
202504,sell,False,600886,13.97,220600,True
202504,sell,False,605116,21.48,154500,True
202504,buy,False,600884,7.08,455800,True
202504,buy,False,002192,29.94,107800,True
202504,buy,False,600420,10.32,312700,True
202504,buy,False,600795,4.24,761200,True
202504,buy,False,600312,17.18,187800,True
202504,buy,False,000537,8.27,390200,True
202504,buy,False,600886,13.97,231000,True
202504,buy,False,002218,3.25,993100,True
202504,buy,False,600029,5.7,566200,True
202504,buy,False,600754,26.23,123000,True
202505,sell,False,000537,8.36,390200,True
202505,sell,False,002192,27.21,107800,True
202505,sell,False,002218,2.98,993100,True
202505,sell,False,600029,5.7,566200,True
202505,sell,False,600312,16.11,187800,True
202505,sell,False,600420,9.98,312700,True
202505,sell,False,600754,23.74,123000,True
202505,sell,False,600795,4.28,761200,True
202505,sell,False,600884,7.08,455800,True
202505,sell,False,600886,14.56,231000,True
202505,buy,False,601005,1.28,2445500,True
202505,buy,False,000525,6.85,456900,True
202505,buy,False,002816,12.36,253200,True
202505,buy,False,600106,5.33,587200,True
202505,buy,False,605081,11.3,277000,True
202505,buy,False,600537,2.82,1110000,True
202505,buy,False,605365,13.74,227800,True
202506,sell,False,000525,7.22,456900,True
202506,sell,False,002816,18.88,253200,True
202506,sell,False,600106,5.96,587200,True
202506,sell,False,600537,2.8,1110000,True
202506,sell,False,601005,1.27,2445500,True
202506,sell,False,605081,14.59,277000,True
202506,sell,False,605365,14.86,227800,True
202506,buy,False,000525,7.22,479300,True
202506,buy,False,002866,15.91,217500,True
202506,buy,False,601005,1.27,2725400,True
202506,buy,False,002816,18.88,183300,True
202506,buy,False,002387,8.83,391900,True
202506,buy,False,603078,17.73,195200,True
202506,buy,False,600537,2.8,1236100,True
202507,sell,False,000525,7.47,479300,True
202507,sell,False,002387,9.74,391900,True
202507,sell,False,002816,19.18,183300,True
202507,sell,False,002866,18.3,217500,True
202507,sell,False,600537,2.94,1236100,True
202507,sell,False,601005,1.28,2725400,True
202507,sell,False,603078,18.47,195200,True
202507,buy,False,601005,1.28,2813100,True
202507,buy,False,600368,4.23,851200,True
202507,buy,False,603719,12.26,293700,True
202507,buy,False,002387,9.74,369600,True
202508,sell,False,002387,9.36,369600,True
202508,sell,False,600368,4.29,851200,True
202508,sell,False,601005,1.54,2813100,True
202508,sell,False,603719,12.81,293700,True
202508,buy,False,603719,12.81,287300,True
202508,buy,False,600663,8.75,420700,True
202509,sell,False,600663,8.61,420700,True
202509,sell,False,603719,13.22,287300,True
202509,buy,False,603278,10.27,359000,True
202509,buy,False,600094,3.36,1097300,True
202509,buy,False,600169,2.35,1568900,True
202509,buy,False,002899,21.3,173100,True
202509,buy,False,002390,3.63,1015700,True
202509,buy,False,002557,22.49,163900,True
202509,buy,False,600754,23.23,158700,True
202509,buy,False,002282,7.39,498900,True
202509,buy,False,002641,4.17,884100,True
202509,buy,False,002527,16.8,219400,True
202510,sell,False,002282,7.01,498900,True
202510,sell,False,002390,3.8,1015700,True
202510,sell,False,002527,20.95,219400,True
202510,sell,False,002557,21.4,163900,True
202510,sell,False,002641,4.25,884100,True
202510,sell,False,002899,22.99,173100,True
202510,sell,False,600094,4.49,1097300,True
202510,sell,False,600169,2.65,1568900,True
202510,sell,False,600754,22.95,158700,True
202510,sell,False,603278,10.67,359000,True
202510,buy,False,002024,1.74,2285000,True
202510,buy,False,002557,21.4,185700,True
202510,buy,False,600754,22.95,173200,True
202510,buy,False,600727,7.47,532200,True
202510,buy,False,002282,7.01,567100,True
202510,buy,False,600735,5.05,787300,True
202510,buy,False,002458,8.67,458500,True
202510,buy,False,600116,6.53,608800,True
202510,buy,False,002641,4.25,935500,True
202510,buy,False,000958,6.23,638100,True
202511,sell,False,000958,6.51,638100,True
202511,sell,False,002024,1.71,2285000,True
202511,sell,False,002282,7.44,567100,True
202511,sell,False,002458,9.01,458500,True
202511,sell,False,002557,22.06,185700,True
202511,sell,False,002641,4.27,935500,True
202511,sell,False,600116,6.71,608800,True
202511,sell,False,600727,7.44,532200,True
202511,sell,False,600735,7.69,787300,True
202511,sell,False,600754,22.51,173200,True
202511,buy,False,603057,18.35,231600,True
202511,buy,False,001965,10.27,413800,True
202511,buy,False,603517,13.6,312500,True
202511,buy,False,000601,5.16,823700,True
202511,buy,False,600116,6.71,633400,True
202511,buy,False,600377,13.74,309300,True
202511,buy,False,600872,18.23,233100,True
202511,buy,False,600886,14.4,295100,True
202511,buy,False,600642,8.25,515200,True
202511,buy,False,600693,6.16,690000,True
