date,type,limit,target,price,count,completed,canceled
202401,buy,False,603848,14.99,33300,True,False
202401,buy,False,601880,1.41,354600,True,False
202401,buy,False,601158,5.32,93900,True,False
202401,buy,False,601808,14.18,35200,True,False
202401,buy,False,603515,15.67,31900,True,False
202401,buy,False,600028,5.01,99800,True,False
202401,buy,False,000959,3.41,146600,True,False
202401,buy,False,002608,6.38,78300,True,False
202401,buy,False,600346,12.1,41300,True,False
202401,buy,False,600654,2.42,206600,True,False
202401,buy,False,600578,2.73,183100,True,False
202401,buy,False,605116,25.31,19700,True,False
202401,buy,False,601608,3.81,131200,True,False
202401,buy,False,000709,2.06,242700,True,False
202401,buy,False,600309,74.03,6700,True,False
202401,buy,False,600660,33.46,14900,True,False
202401,buy,False,600886,12.2,40900,True,False
202401,buy,False,600548,8.19,61000,True,False
202401,buy,False,000027,6.0,83300,True,False
202401,buy,False,002001,15.59,32000,True,False
202402,sell,False,000027,5.89,83300,True,False
202402,sell,False,000709,2.0,242700,True,False
202402,sell,False,000959,3.12,146600,True,False
202402,sell,False,002001,14.62,32000,True,False
202402,sell,False,002608,6.7,78300,True,False
202402,sell,False,600028,5.34,99800,True,False
202402,sell,False,600309,67.17,6700,True,False
202402,sell,False,600346,10.62,41300,True,False
202402,sell,False,600548,8.33,61000,True,False
202402,sell,False,600578,2.71,183100,True,False
202402,sell,False,600654,2.28,206600,True,False
202402,sell,False,600660,33.99,14900,True,False
202402,sell,False,600886,13.02,40900,True,False
202402,sell,False,601158,5.49,93900,True,False
202402,sell,False,601608,3.57,131200,True,False
202402,sell,False,601808,14.86,35200,True,False
202402,sell,False,601880,1.33,354600,True,False
202402,sell,False,603515,14.01,31900,True,False
202402,sell,False,603848,14.26,33300,True,False
202402,sell,False,605116,20.43,19700,True,False
202402,buy,False,600578,2.71,178500,True,False
202402,buy,False,600548,8.33,58000,True,False
202402,buy,False,600654,2.28,212200,True,False
202402,buy,False,601808,14.86,32500,True,False
202402,buy,False,002221,9.63,50200,True,False
202402,buy,False,601158,5.49,88100,True,False
202402,buy,False,600346,10.62,45500,True,False
202402,buy,False,600886,13.02,37100,True,False
202402,buy,False,605116,20.43,23600,True,False
202402,buy,False,601880,1.33,363800,True,False
202402,buy,False,603515,14.01,34500,True,False
202402,buy,False,002608,6.7,72200,True,False
202402,buy,False,600028,5.34,90600,True,False
202402,buy,False,600598,10.33,46800,True,False
202402,buy,False,600309,67.17,7200,True,False
202402,buy,False,002001,14.62,33000,True,False
202402,buy,False,601139,5.99,80700,True,False
202402,buy,False,000959,3.12,155000,True,False
202402,buy,False,600547,19.81,24400,True,False
202402,buy,False,002078,11.36,42500,True,False
202403,sell,False,000959,3.26,155000,True,False
202403,sell,False,002001,16.7,33000,True,False
202403,sell,False,002078,13.51,42500,True,False
202403,sell,False,002221,10.16,50200,True,False
202403,sell,False,002608,7.3,72200,True,False
202403,sell,False,600028,5.65,90600,True,False
202403,sell,False,600309,76.33,7200,True,False
202403,sell,False,600346,11.64,45500,True,False
202403,sell,False,600547,21.15,24400,True,False
202403,sell,False,600548,8.25,58000,True,False
202403,sell,False,600578,2.82,178500,True,False
202403,sell,False,600598,11.33,46800,True,False
202403,sell,False,600654,2.46,212200,True,False
202403,sell,False,600886,13.42,37100,True,False
202403,sell,False,601139,6.49,80700,True,False
202403,sell,False,601158,5.17,88100,True,False
202403,sell,False,601808,14.2,32500,True,False
202403,sell,False,601880,1.44,363800,True,False
202403,sell,False,603515,14.69,34500,True,False
202403,sell,False,605116,22.09,23600,True,False
202403,buy,False,600346,11.64,44200,True,False
202403,buy,False,600309,76.33,6700,True,False
202403,buy,False,600548,8.25,62400,True,False
202403,buy,False,601880,1.44,358000,True,False
202403,buy,False,603515,14.69,35000,True,False
202403,buy,False,600578,2.82,182800,True,False
202403,buy,False,600654,2.46,209500,True,False
202403,buy,False,600886,13.42,38400,True,False
202403,buy,False,601139,6.49,79400,True,False
202403,buy,False,600028,5.65,91200,True,False
202403,buy,False,601808,14.2,36300,True,False
202403,buy,False,002608,7.3,70600,True,False
202403,buy,False,002001,16.7,30800,True,False
202403,buy,False,000959,3.26,158100,True,False
202403,buy,False,002221,10.16,50700,True,False
202403,buy,False,600547,21.15,24300,True,False
202403,buy,False,605116,22.09,23300,True,False
202403,buy,False,000027,6.31,81700,True,False
202403,buy,False,600426,25.9,19900,True,False
202403,buy,False,601158,5.17,99700,True,False
202404,sell,False,000027,6.82,81700,True,False
202404,sell,False,000959,3.15,158100,True,False
202404,sell,False,002001,15.42,30800,True,False
202404,sell,False,002221,9.12,50700,True,False
202404,sell,False,002608,7.7,70600,True,False
202404,sell,False,600028,5.82,91200,True,False
202404,sell,False,600309,80.53,6700,True,False
202404,sell,False,600346,12.98,44200,True,False
202404,sell,False,600426,24.54,19900,True,False
202404,sell,False,600547,28.26,24300,True,False
202404,sell,False,600548,8.87,62400,True,False
202404,sell,False,600578,3.14,182800,True,False
202404,sell,False,600654,2.81,209500,True,False
202404,sell,False,600886,14.09,38400,True,False
202404,sell,False,601139,7.17,79400,True,False
202404,sell,False,601158,5.37,99700,True,False
202404,sell,False,601808,18.76,36300,True,False
202404,sell,False,601880,1.36,358000,True,False
202404,sell,False,603515,14.52,35000,True,False
202404,sell,False,605116,21.49,23300,True,False
202404,buy,False,601158,5.37,101500,True,False
202404,buy,False,600346,12.98,42000,True,False
202404,buy,False,605116,21.49,25300,True,False
202404,buy,False,002221,9.12,59700,True,False
202404,buy,False,600299,8.47,64300,True,False
202404,buy,False,603515,14.52,37500,True,False
202404,buy,False,600886,14.09,38700,True,False
202404,buy,False,002608,7.7,70800,True,False
202404,buy,False,601766,6.32,86200,True,False
202404,buy,False,000959,3.15,173100,True,False
202404,buy,False,600058,8.49,64200,True,False
202404,buy,False,002001,15.42,35300,True,False
202404,buy,False,000709,2.07,263400,True,False
202404,buy,False,600787,4.64,117500,True,False
202404,buy,False,600578,3.14,173600,True,False
202404,buy,False,000027,6.82,79900,True,False
202404,buy,False,000800,8.91,61200,True,False
202404,buy,False,603180,21.15,25700,True,False
202404,buy,False,600279,4.15,131400,True,False
202404,buy,False,603885,11.99,45400,True,False
202405,sell,False,000027,6.99,79900,True,False
202405,sell,False,000709,2.14,263400,True,False
202405,sell,False,000800,8.9,61200,True,False
202405,sell,False,000959,3.17,173100,True,False
202405,sell,False,002001,18.23,35300,True,False
202405,sell,False,002221,9.26,59700,True,False
202405,sell,False,002608,8.05,70800,True,False
202405,sell,False,600058,8.34,64200,True,False
202405,sell,False,600279,3.98,131400,True,False
202405,sell,False,600299,9.82,64300,True,False
202405,sell,False,600346,14.51,42000,True,False
202405,sell,False,600578,3.22,173600,True,False
202405,sell,False,600787,5.0,117500,True,False
202405,sell,False,600886,15.13,38700,True,False
202405,sell,False,601158,4.77,101500,True,False
202405,sell,False,601766,6.56,86200,True,False
202405,sell,False,603180,20.82,25700,True,False
202405,sell,False,603515,16.38,37500,True,False
202405,sell,False,603885,12.25,45400,True,False
202405,sell,False,605116,24.16,25300,True,False
202405,buy,False,603117,3.24,175700,True,False
202405,buy,False,600673,8.67,65600,True,False
202405,buy,False,601933,2.45,232400,True,False
202405,buy,False,002259,3.33,171000,True,False
202405,buy,False,000601,3.74,152200,True,False
202405,buy,False,603708,10.17,55900,True,False
202405,buy,False,002661,7.42,76700,True,False
202405,buy,False,600335,7.06,80600,True,False
202405,buy,False,600828,2.93,194300,True,False
202405,buy,False,603385,6.09,93500,True,False
202405,buy,False,001872,17.49,32500,True,False
202405,buy,False,600299,9.82,57900,True,False
202405,buy,False,601827,7.77,73200,True,False
202405,buy,False,600350,7.92,71900,True,False
202405,buy,False,600886,15.13,37600,True,False
202405,buy,False,600221,1.38,412600,True,False
202405,buy,False,002493,11.09,51300,True,False
202405,buy,False,000987,5.44,104600,True,False
202405,buy,False,600029,5.75,99000,True,False
202405,buy,False,603001,4.4,129400,True,False
202406,sell,False,000601,3.85,152200,True,False
202406,sell,False,000987,5.29,104600,True,False
202406,sell,False,001872,17.31,32500,True,False
202406,sell,False,002259,2.63,171000,True,False
202406,sell,False,002493,9.8,51300,True,False
202406,sell,False,002661,8.0,76700,True,False
202406,sell,False,600029,5.89,99000,True,False
202406,sell,False,600221,1.36,412600,True,False
202406,sell,False,600299,9.73,57900,True,False
202406,sell,False,600335,6.55,80600,True,False
202406,sell,False,600350,7.99,71900,True,False
202406,sell,False,600673,7.97,65600,True,False
202406,sell,False,600828,2.9,194300,True,False
202406,sell,False,600886,16.75,37600,True,False
202406,sell,False,601827,8.26,73200,True,False
202406,sell,False,601933,2.63,232400,True,False
202406,sell,False,603001,4.78,129400,True,False
202406,sell,False,603117,3.11,175700,True,False
202406,sell,False,603385,6.29,93500,True,False
202406,sell,False,603708,8.98,55900,True,False
202406,buy,False,600673,7.97,70700,True,False
202406,buy,False,603117,3.11,181200,True,False
202406,buy,False,600828,2.9,194300,True,False
202406,buy,False,600335,6.55,86000,True,False
202406,buy,False,603708,8.98,62700,True,False
202406,buy,False,002259,2.63,214300,True,False
202406,buy,False,000601,3.85,146400,True,False
202406,buy,False,603939,35.35,15900,True,False
202406,buy,False,600029,5.89,95600,True,False
202406,buy,False,601107,4.99,112900,True,False
202406,buy,False,600350,7.99,70500,True,False
202406,buy,False,600299,9.73,57900,True,False
202406,buy,False,000987,5.29,106500,True,False
202406,buy,False,002493,9.8,57500,True,False
202406,buy,False,000883,5.68,99200,True,False
202406,buy,False,601228,3.21,175500,True,False
202406,buy,False,600221,1.36,414400,True,False
202406,buy,False,001872,17.31,32500,True,False
202406,buy,False,600886,16.75,33600,True,False
202406,buy,False,002099,5.97,94400,True,False
202407,sell,False,000601,3.45,146400,True,False
202407,sell,False,000883,5.8,99200,True,False
202407,sell,False,000987,4.7,106500,True,False
202407,sell,False,001872,18.05,32500,True,False
202407,sell,False,002099,5.13,94400,True,False
202407,sell,False,002259,2.27,214300,True,False
202407,sell,False,002493,9.5,57500,True,False
202407,sell,False,600029,5.86,95600,True,False
202407,sell,False,600221,1.04,414400,True,False
202407,sell,False,600299,9.33,57900,True,False
202407,sell,False,600335,5.64,86000,True,False
202407,sell,False,600350,8.44,70500,True,False
202407,sell,False,600673,7.05,70700,True,False
202407,sell,False,600828,2.36,194300,True,False
202407,sell,False,600886,17.3,33600,True,False
202407,sell,False,601107,4.99,112900,True,False
202407,sell,False,601228,2.97,175500,True,False
202407,sell,False,603117,4.31,181200,True,False
202407,sell,False,603708,7.75,62700,True,False
202407,sell,False,603939,23.46,15900,True,False
202407,buy,False,600673,7.05,74900,True,False
202407,buy,False,002259,2.27,232700,True,False
202407,buy,False,600828,2.36,223800,True,False
202407,buy,False,603117,4.31,122500,True,False
202407,buy,False,000601,3.45,153100,True,False
202407,buy,False,603708,7.75,68100,True,False
202407,buy,False,601228,2.97,177800,True,False
202407,buy,False,001872,18.05,29200,True,False
202407,buy,False,600350,8.44,62500,True,False
202407,buy,False,601021,54.37,9700,True,False
202407,buy,False,600299,9.33,56600,True,False
202407,buy,False,002493,9.5,55600,True,False
202407,buy,False,600120,3.22,164000,True,False
202407,buy,False,600029,5.86,90100,True,False
202407,buy,False,002399,8.37,63100,True,False
202407,buy,False,000987,4.7,112400,True,False
202407,buy,False,601107,4.99,105800,True,False
202407,buy,False,603317,10.88,48500,True,False
202407,buy,False,601827,8.25,64000,True,False
202407,buy,False,601869,23.38,22500,True,False
202408,sell,False,000601,3.62,153100,True,False
202408,sell,False,000987,5.07,112400,True,False
202408,sell,False,001872,19.27,29200,True,False
202408,sell,False,002259,2.39,232700,True,False
202408,sell,False,002399,9.73,63100,True,False
202408,sell,False,002493,8.98,55600,True,False
202408,sell,False,600029,5.89,90100,True,False
202408,sell,False,600120,3.45,164000,True,False
202408,sell,False,600299,10.98,56600,True,False
202408,sell,False,600350,8.08,62500,True,False
202408,sell,False,600673,6.92,74900,True,False
202408,sell,False,600828,2.44,223800,True,False
202408,sell,False,601021,52.21,9700,True,False
202408,sell,False,601107,4.67,105800,True,False
202408,sell,False,601228,3.13,177800,True,False
202408,sell,False,601827,8.82,64000,True,False
202408,sell,False,601869,23.06,22500,True,False
202408,sell,False,603117,4.35,122500,True,False
202408,sell,False,603317,10.15,48500,True,False
202408,sell,False,603708,8.06,68100,True,False
202408,buy,False,002259,2.39,227300,True,False
202408,buy,False,003022,13.61,39900,True,False
202408,buy,False,600673,6.92,78500,True,False
202408,buy,False,002311,42.62,12700,True,False
202408,buy,False,600828,2.44,222700,True,False
202408,buy,False,603708,8.06,67400,True,False
202408,buy,False,600011,7.58,71600,True,False
202408,buy,False,601702,16.74,32400,True,False
202408,buy,False,600423,2.43,223600,True,False
202408,buy,False,603385,5.48,99100,True,False
202408,buy,False,000601,3.62,150100,True,False
202408,buy,False,603139,12.12,44800,True,False
202408,buy,False,601168,15.46,35100,True,False
202408,buy,False,002250,4.98,109100,True,False
202408,buy,False,600350,8.08,67200,True,False
202408,buy,False,002493,8.98,60500,True,False
202408,buy,False,601228,3.13,173600,True,False
202408,buy,False,600120,3.45,157500,True,False
202408,buy,False,600029,5.89,92200,True,False
202408,buy,False,000987,5.07,107100,True,False
202409,sell,False,000601,3.39,150100,True,False
202409,sell,False,000987,4.71,107100,True,False
202409,sell,False,002250,4.92,109100,True,False
202409,sell,False,002259,2.53,227300,True,False
202409,sell,False,002311,37.28,12700,True,False
202409,sell,False,002493,8.7,60500,True,False
202409,sell,False,003022,12.83,39900,True,False
202409,sell,False,600011,6.66,71600,True,False
202409,sell,False,600029,5.68,92200,True,False
202409,sell,False,600120,3.38,157500,True,False
202409,sell,False,600350,8.66,67200,True,False
202409,sell,False,600423,2.34,223600,True,False
202409,sell,False,600673,6.72,78500,True,False
202409,sell,False,600828,2.48,222700,True,False
202409,sell,False,601168,14.54,35100,True,False
202409,sell,False,601228,3.06,173600,True,False
202409,sell,False,601702,15.4,32400,True,False
202409,sell,False,603139,11.85,44800,True,False
202409,sell,False,603385,4.97,99100,True,False
202409,sell,False,603708,7.35,67400,True,False
202409,buy,False,601339,4.02,129600,True,False
202409,buy,False,600025,10.69,48700,True,False
202409,buy,False,600989,14.46,36000,True,False
202409,buy,False,601200,7.25,71800,True,False
202409,buy,False,603056,13.01,40000,True,False
202409,buy,False,003035,4.04,128900,True,False
202409,buy,False,600654,2.24,232600,True,False
202409,buy,False,600004,8.86,58800,True,False
202409,buy,False,000507,4.36,119500,True,False
202409,buy,False,600643,3.99,130500,True,False
202409,buy,False,600527,1.35,385900,True,False
202409,buy,False,000009,7.54,69100,True,False
202409,buy,False,600548,8.92,58400,True,False
202409,buy,False,600987,6.09,85500,True,False
202409,buy,False,605366,5.24,99400,True,False
202409,buy,False,601008,3.33,156400,True,False
202409,buy,False,600995,9.56,54500,True,False
202409,buy,False,000751,2.5,208400,True,False
202409,buy,False,603519,8.18,63700,True,False
202409,buy,False,600612,49.29,10500,True,False
202410,sell,False,000009,10.54,69100,True,False
202410,sell,False,000507,5.56,119500,True,False
202410,sell,False,000751,3.35,208400,True,False
202410,sell,False,003035,5.3,128900,True,False
202410,sell,False,600004,11.32,58800,True,False
202410,sell,False,600025,12.3,48700,True,False
202410,sell,False,600527,1.82,385900,True,False
202410,sell,False,600548,11.45,58400,True,False
202410,sell,False,600612,66.96,10500,True,False
202410,sell,False,600643,6.82,130500,True,False
202410,sell,False,600654,2.82,232600,True,False
202410,sell,False,600987,8.2,85500,True,False
202410,sell,False,600989,18.31,36000,True,False
202410,sell,False,600995,11.68,54500,True,False
202410,sell,False,601008,4.22,156400,True,False
202410,sell,False,601200,9.13,71800,True,False
202410,sell,False,601339,5.41,129600,True,False
202410,sell,False,603056,16.66,40000,True,False
202410,sell,False,603519,11.78,63700,True,False
202410,sell,False,605366,6.71,99400,True,False
202410,buy,False,600025,12.3,55900,True,False
202410,buy,False,601339,5.41,127200,True,False
202410,buy,False,600989,18.31,37500,True,False
202410,buy,False,605366,6.71,102500,True,False
202410,buy,False,600548,11.45,60100,True,False
202410,buy,False,003035,5.3,129800,True,False
202410,buy,False,603056,16.66,41300,True,False
202410,buy,False,601200,9.13,75300,True,False
202410,buy,False,000601,4.37,157400,True,False
202410,buy,False,600488,4.72,145800,True,False
202410,buy,False,601008,4.22,163000,True,False
202410,buy,False,600654,2.82,244000,True,False
202410,buy,False,600004,11.32,60700,True,False
202410,buy,False,600527,1.82,378100,True,False
202410,buy,False,600987,8.2,83900,True,False
202410,buy,False,600995,11.68,58900,True,False
202410,buy,False,002082,5.43,126700,True,False
202410,buy,False,600612,66.96,10200,True,False
202410,buy,False,605198,30.35,22600,True,False
202410,buy,False,000507,5.56,123700,True,False
202411,sell,False,000507,4.93,123700,True,False
202411,sell,False,000601,3.96,157400,True,False
202411,sell,False,002082,5.62,126700,True,False
202411,sell,False,003035,4.7,129800,True,False
202411,sell,False,600004,9.49,60700,True,False
202411,sell,False,600025,9.5,55900,True,False
202411,sell,False,600488,4.19,145800,True,False
202411,sell,False,600527,2.29,378100,True,False
202411,sell,False,600548,9.6,60100,True,False
202411,sell,False,600612,46.95,10200,True,False
202411,sell,False,600654,2.72,244000,True,False
202411,sell,False,600987,6.92,83900,True,False
202411,sell,False,600989,15.16,37500,True,False
202411,sell,False,600995,10.52,58900,True,False
202411,sell,False,601008,3.81,163000,True,False
202411,sell,False,601200,8.3,75300,True,False
202411,sell,False,601339,4.89,127200,True,False
202411,sell,False,603056,14.06,41300,True,False
202411,sell,False,605198,23.9,22600,True,False
202411,sell,False,605366,6.25,102500,True,False
202411,buy,False,600236,5.94,103200,True,False
202411,buy,False,600548,9.6,63900,True,False
202411,buy,False,605116,21.77,28100,True,False
202411,buy,False,600104,12.76,48000,True,False
202411,buy,False,600098,6.06,101200,True,False
202411,buy,False,600955,14.95,41000,True,False
202411,buy,False,603707,14.53,42200,True,False
202411,buy,False,601088,36.79,16600,True,False
202411,buy,False,601857,7.66,80000,True,False
202411,buy,False,601816,5.25,116800,True,False
202411,buy,False,600029,6.14,99900,True,False
202411,buy,False,600886,14.73,41600,True,False
202411,buy,False,600585,25.69,23800,True,False
202411,buy,False,002294,31.69,19300,True,False
202411,buy,False,600292,13.5,45400,True,False
202411,buy,False,000537,9.72,63100,True,False
202411,buy,False,601330,6.03,101700,True,False
202411,buy,False,605183,16.4,37400,True,False
202411,buy,False,600828,3.16,194100,True,False
202411,buy,False,000927,2.77,221500,True,False
202412,sell,False,000537,9.09,63100,True,False
202412,sell,False,000927,2.86,221500,True,False
202412,sell,False,002294,34.05,19300,True,False
202412,sell,False,600029,6.71,99900,True,False
202412,sell,False,600098,6.29,101200,True,False
202412,sell,False,600104,16.86,48000,True,False
202412,sell,False,600236,5.95,103200,True,False
202412,sell,False,600292,16.0,45400,True,False
202412,sell,False,600548,11.3,63900,True,False
202412,sell,False,600585,24.84,23800,True,False
202412,sell,False,600828,3.47,194100,True,False
202412,sell,False,600886,14.84,41600,True,False
202412,sell,False,600955,14.94,41000,True,False
202412,sell,False,601088,36.56,16600,True,False
202412,sell,False,601330,6.23,101700,True,False
202412,sell,False,601816,5.69,116800,True,False
202412,sell,False,601857,7.59,80000,True,False
202412,sell,False,603707,14.5,42200,True,False
202412,sell,False,605116,21.84,28100,True,False
202412,sell,False,605183,17.18,37400,True,False
202412,buy,False,601009,10.1,64000,True,False
202412,buy,False,601998,6.34,101900,True,False
202412,buy,False,600117,2.63,245800,True,False
202412,buy,False,002951,6.68,96800,True,False
202412,buy,False,601838,15.01,43000,True,False
202412,buy,False,601166,16.99,38000,True,False
202412,buy,False,603608,3.51,184200,True,False
202412,buy,False,605099,19.41,33300,True,False
202412,buy,False,603277,15.68,41200,True,False
202412,buy,False,000761,3.43,188500,True,False
202412,buy,False,600000,9.04,71500,True,False
202412,buy,False,601686,5.07,127500,True,False
202412,buy,False,600378,30.11,21400,True,False
202412,buy,False,603997,12.6,51300,True,False
202412,buy,False,600675,3.01,214800,True,False
202412,buy,False,600332,28.22,22900,True,False
202412,buy,False,000898,2.42,267200,True,False
202412,buy,False,601390,6.15,105100,True,False
202412,buy,False,601799,132.4,4800,True,False
202412,buy,False,605006,5.21,124100,True,False
202501,sell,False,000761,3.21,188500,True,False
202501,sell,False,000898,2.41,267200,True,False
202501,sell,False,002951,6.12,96800,True,False
202501,sell,False,600000,9.89,71500,True,False
202501,sell,False,600117,2.25,245800,True,False
202501,sell,False,600332,27.59,22900,True,False
202501,sell,False,600378,28.64,21400,True,False
202501,sell,False,600675,2.81,214800,True,False
202501,sell,False,601009,10.17,64000,True,False
202501,sell,False,601166,18.15,38000,True,False
202501,sell,False,601390,6.14,105100,True,False
202501,sell,False,601686,4.9,127500,True,False
202501,sell,False,601799,131.01,4800,True,False
202501,sell,False,601838,16.32,43000,True,False
202501,sell,False,601998,6.6,101900,True,False
202501,sell,False,603277,15.28,41200,True,False
202501,sell,False,603608,3.72,184200,True,False
202501,sell,False,603997,11.5,51300,True,False
202501,sell,False,605006,6.29,124100,True,False
202501,sell,False,605099,20.27,33300,True,False
202501,buy,False,605296,27.23,23700,True,False
202501,buy,False,605116,20.75,31100,True,False
202501,buy,False,600886,16.16,40000,True,False
202501,buy,False,601088,40.1,16100,True,False
202501,buy,False,600236,6.61,97900,True,False
202501,buy,False,600585,22.82,28300,True,False
202501,buy,False,603707,13.12,49300,True,False
202501,buy,False,002294,30.55,21100,True,False
202501,buy,False,601857,8.44,76600,True,False
202501,buy,False,601816,6.01,107600,True,False
202501,buy,False,601877,22.83,28300,True,False
202501,buy,False,000987,6.75,95800,True,False
202501,buy,False,600029,6.44,100400,True,False
202501,buy,False,600548,13.18,49100,True,False
202501,buy,False,600795,4.38,147700,True,False
202501,buy,False,605183,16.54,39100,True,False
202501,buy,False,600547,22.35,28900,True,False
202501,buy,False,600955,15.23,42400,True,False
202501,buy,False,603337,29.78,21700,True,False
202501,buy,False,601330,6.26,103300,True,False
202502,sell,False,000987,6.24,95800,True,False
202502,sell,False,002294,29.46,21100,True,False
202502,sell,False,600029,6.16,100400,True,False
202502,sell,False,600236,6.23,97900,True,False
202502,sell,False,600547,24.88,28900,True,False
202502,sell,False,600548,12.01,49100,True,False
202502,sell,False,600585,23.96,28300,True,False
202502,sell,False,600795,4.0,147700,True,False
202502,sell,False,600886,13.98,40000,True,False
202502,sell,False,600955,14.15,42400,True,False
202502,sell,False,601088,36.76,16100,True,False
202502,sell,False,601330,5.9,103300,True,False
202502,sell,False,601816,5.56,107600,True,False
202502,sell,False,601857,7.86,76600,True,False
202502,sell,False,601877,21.56,28300,True,False
202502,sell,False,603337,32.4,21700,True,False
202502,sell,False,603707,13.61,49300,True,False
202502,sell,False,605116,20.08,31100,True,False
202502,sell,False,605183,16.72,39100,True,False
202502,sell,False,605296,24.91,23700,True,False
202502,buy,False,600548,12.01,51800,True,False
202502,buy,False,600955,14.15,44000,True,False
202502,buy,False,600585,23.96,25900,True,False
202502,buy,False,601088,36.76,16900,True,False
202502,buy,False,601857,7.86,79200,True,False
202502,buy,False,600886,13.98,44500,True,False
202502,buy,False,601816,5.56,112000,True,False
202502,buy,False,600236,6.23,99900,True,False
202502,buy,False,605296,24.91,25000,True,False
202502,buy,False,605183,16.72,37200,True,False
202502,buy,False,600029,6.16,101100,True,False
202502,buy,False,601877,21.56,28800,True,False
202502,buy,False,002294,29.46,21100,True,False
202502,buy,False,000537,8.22,75700,True,False
202502,buy,False,600098,5.89,105700,True,False
202502,buy,False,601330,5.9,105500,True,False
202502,buy,False,000987,6.24,99800,True,False
202502,buy,False,603676,9.57,65000,True,False
202502,buy,False,601368,4.63,134500,True,False
202502,buy,False,605116,20.08,31000,True,False
202503,sell,False,000537,8.06,75700,True,False
202503,sell,False,000987,6.19,99800,True,False
202503,sell,False,002294,29.23,21100,True,False
202503,sell,False,600029,5.86,101100,True,False
202503,sell,False,600098,5.72,105700,True,False
202503,sell,False,600236,6.02,99900,True,False
202503,sell,False,600548,11.66,51800,True,False
202503,sell,False,600585,22.34,25900,True,False
202503,sell,False,600886,13.86,44500,True,False
202503,sell,False,600955,14.5,44000,True,False
202503,sell,False,601088,32.34,16900,True,False
202503,sell,False,601330,6.0,105500,True,False
202503,sell,False,601368,4.6,134500,True,False
202503,sell,False,601816,5.33,112000,True,False
202503,sell,False,601857,7.43,79200,True,False
202503,sell,False,601877,22.85,28800,True,False
202503,sell,False,603676,9.0,65000,True,False
202503,sell,False,605116,19.79,31000,True,False
202503,sell,False,605183,17.17,37200,True,False
202503,sell,False,605296,25.26,25000,True,False
202503,buy,False,603956,9.49,64300,True,False
202503,buy,False,000032,26.38,23100,True,False
202503,buy,False,002995,20.32,30000,True,False
202503,buy,False,603598,18.1,33700,True,False
202503,buy,False,600797,9.4,64900,True,False
202503,buy,False,002313,10.45,58300,True,False
202503,buy,False,000815,12.1,50400,True,False
202503,buy,False,002279,7.1,85900,True,False
202503,buy,False,002861,13.97,43600,True,False
202503,buy,False,002347,7.95,76700,True,False
202503,buy,False,002354,6.97,87500,True,False
202503,buy,False,002657,18.95,32200,True,False
202503,buy,False,002184,13.7,44500,True,False
202503,buy,False,603918,17.76,34300,True,False
202503,buy,False,603194,36.87,16500,True,False
202503,buy,False,600203,11.37,53600,True,False
202503,buy,False,603072,38.29,15900,True,False
202503,buy,False,002213,17.75,34300,True,False
202503,buy,False,600666,2.88,211900,True,False
202503,buy,False,002229,12.6,48400,True,False
202504,sell,False,000032,22.84,23100,True,False
202504,sell,False,000815,13.03,50400,True,False
202504,sell,False,002184,12.1,44500,True,False
202504,sell,False,002213,14.78,34300,True,False
202504,sell,False,002229,12.02,48400,True,False
202504,sell,False,002279,6.58,85900,True,False
202504,sell,False,002313,9.5,58300,True,False
202504,sell,False,002347,7.66,76700,True,False
202504,sell,False,002354,6.2,87500,True,False
202504,sell,False,002657,19.98,32200,True,False
202504,sell,False,002861,14.07,43600,True,False
202504,sell,False,002995,18.93,30000,True,False
202504,sell,False,600203,9.28,53600,True,False
202504,sell,False,600666,2.87,211900,True,False
202504,sell,False,600797,11.26,64900,True,False
202504,sell,False,603072,43.36,15900,True,False
202504,sell,False,603194,36.43,16500,True,False
202504,sell,False,603598,18.51,33700,True,False
202504,sell,False,603918,15.96,34300,True,False
202504,sell,False,603956,6.89,64300,True,False
202504,buy,False,002482,1.82,319700,True,False
202504,buy,False,601166,20.52,28300,True,False
202504,buy,False,601998,6.76,86000,True,False
202504,buy,False,601009,9.82,59200,True,False
202504,buy,False,002951,6.7,86800,True,False
202504,buy,False,601838,16.27,35700,True,False
202504,buy,False,600773,9.97,58300,True,False
202504,buy,False,600515,3.62,160700,True,False
202504,buy,False,601963,9.29,62600,True,False
202504,buy,False,603669,4.35,133700,True,False
202504,buy,False,000059,4.58,127000,True,False
202504,buy,False,600307,1.42,409800,True,False
202504,buy,False,002022,5.69,102200,True,False
202504,buy,False,600939,2.61,222900,True,False
202504,buy,False,002386,4.43,131300,True,False
202504,buy,False,002356,2.98,195300,True,False
202504,buy,False,000688,11.95,48700,True,False
202504,buy,False,601106,2.78,209300,True,False
202504,buy,False,603113,5.37,108300,True,False
202504,buy,False,600435,10.93,53200,True,False
202505,sell,False,000059,5.28,127000,True,False
202505,sell,False,000688,11.71,48700,True,False
202505,sell,False,002022,5.72,102200,True,False
202505,sell,False,002356,2.86,195300,True,False
202505,sell,False,002386,4.41,131300,True,False
202505,sell,False,002482,1.71,319700,True,False
202505,sell,False,002951,7.82,86800,True,False
202505,sell,False,600307,1.38,409800,True,False
202505,sell,False,600435,11.24,53200,True,False
202505,sell,False,600515,3.65,160700,True,False
202505,sell,False,600773,8.9,58300,True,False
202505,sell,False,600939,2.98,222900,True,False
202505,sell,False,601009,9.93,59200,True,False
202505,sell,False,601106,2.59,209300,True,False
202505,sell,False,601166,19.99,28300,True,False
202505,sell,False,601838,16.17,35700,True,False
202505,sell,False,601963,10.25,62600,True,False
202505,sell,False,601998,6.89,86000,True,False
202505,sell,False,603113,5.85,108300,True,False
202505,sell,False,603669,4.55,133700,True,False
202505,buy,False,601607,17.56,33800,True,False
202505,buy,False,600885,23.2,25600,True,False
202505,buy,False,603327,8.48,70000,True,False
202505,buy,False,600197,14.22,41700,True,False
202505,buy,False,600409,4.82,123200,True,False
202505,buy,False,600530,4.61,128800,True,False
202505,buy,False,603060,6.12,97000,True,False
202505,buy,False,600162,1.63,364400,True,False
202505,buy,False,600155,6.39,92900,True,False
202505,buy,False,000060,4.4,134900,True,False
202505,buy,False,002230,47.12,12600,True,False
202505,buy,False,000712,11.05,53700,True,False
202505,buy,False,000727,2.32,256000,True,False
202505,buy,False,605151,17.32,34200,True,False
202505,buy,False,002819,26.58,22300,True,False
202505,buy,False,603681,12.31,48200,True,False
202505,buy,False,002912,22.87,25900,True,False
202505,buy,False,600981,2.48,239500,True,False
202505,buy,False,002691,8.25,71900,True,False
202505,buy,False,600826,7.6,78100,True,False
202506,sell,False,000060,4.37,134900,True,False
202506,sell,False,000712,11.98,53700,True,False
202506,sell,False,000727,2.32,256000,True,False
202506,sell,False,002230,46.36,12600,True,False
202506,sell,False,002691,7.75,71900,True,False
202506,sell,False,002819,28.13,22300,True,False
202506,sell,False,002912,22.39,25900,True,False
202506,sell,False,600155,6.49,92900,True,False
202506,sell,False,600162,1.61,364400,True,False
202506,sell,False,600197,14.2,41700,True,False
202506,sell,False,600409,4.8,123200,True,False
202506,sell,False,600530,7.47,128800,True,False
202506,sell,False,600826,7.32,78100,True,False
202506,sell,False,600885,23.04,25600,True,False
202506,sell,False,600981,2.6,239500,True,False
202506,sell,False,601607,17.86,33800,True,False
202506,sell,False,603060,6.19,97000,True,False
202506,sell,False,603327,8.47,70000,True,False
202506,sell,False,603681,17.14,48200,True,False
202506,sell,False,605151,18.16,34200,True,False
202506,buy,False,002819,28.13,22300,True,False
202506,buy,False,600644,13.96,44900,True,False
202506,buy,False,002909,6.2,101200,True,False
202506,buy,False,603681,17.14,36600,True,False
202506,buy,False,600530,7.47,84000,True,False
202506,buy,False,002929,45.68,13700,True,False
202506,buy,False,603912,8.62,72700,True,False
202506,buy,False,001306,73.14,8500,True,False
202506,buy,False,601956,6.77,92600,True,False
202506,buy,False,002136,10.9,57500,True,False
202506,buy,False,002639,11.33,55300,True,False
202506,buy,False,603350,35.83,17500,True,False
202506,buy,False,002331,7.85,79900,True,False
202506,buy,False,001335,36.16,17300,True,False
202506,buy,False,001317,47.7,13100,True,False
202506,buy,False,000712,11.98,52300,True,False
202506,buy,False,603163,26.88,23300,True,False
202506,buy,False,603045,15.77,39700,True,False
202506,buy,False,000695,14.52,43200,True,False
202506,buy,False,002691,7.75,80900,True,False
202507,sell,False,000695,13.38,43200,True,False
202507,sell,False,000712,13.22,52300,True,False
202507,sell,False,001306,75.72,8500,True,False
202507,sell,False,001317,45.73,13100,True,False
202507,sell,False,001335,38.26,17300,True,False
202507,sell,False,002136,10.82,57500,True,False
202507,sell,False,002331,8.02,79900,True,False
202507,sell,False,002639,10.54,55300,True,False
202507,sell,False,002691,8.37,80900,True,False
202507,sell,False,002819,30.9,22300,True,False
202507,sell,False,002909,6.24,101200,True,False
202507,sell,False,002929,47.14,13700,True,False
202507,sell,False,600530,9.11,84000,True,False
202507,sell,False,600644,13.89,44900,True,False
202507,sell,False,601956,6.5,92600,True,False
202507,sell,False,603045,16.58,39700,True,False
202507,sell,False,603163,28.33,23300,True,False
202507,sell,False,603350,34.67,17500,True,False
202507,sell,False,603681,14.82,36600,True,False
202507,sell,False,603912,8.69,72700,True,False
202507,buy,False,600644,13.89,45900,True,False
202507,buy,False,002339,7.9,80800,True,False
202507,buy,False,603681,14.82,43100,True,False
202507,buy,False,002929,47.14,13500,True,False
202507,buy,False,600530,9.11,70100,True,False
202507,buy,False,001236,16.64,38300,True,False
202507,buy,False,001317,45.73,13900,True,False
202507,buy,False,603982,11.5,55500,True,False
202507,buy,False,603538,19.78,32200,True,False
202507,buy,False,603918,20.1,31700,True,False
202507,buy,False,001390,22.9,27800,True,False
202507,buy,False,002104,19.5,32700,True,False
202507,buy,False,002639,10.54,60600,True,False
202507,buy,False,000695,13.38,47700,True,False
202507,buy,False,601059,17.03,37500,True,False
202507,buy,False,002161,6.64,96100,True,False
202507,buy,False,603232,16.95,37600,True,False
202507,buy,False,000948,21.01,30400,True,False
202507,buy,False,601007,7.54,84700,True,False
202507,buy,False,603045,16.58,38500,True,False
202508,sell,False,000695,11.85,47700,True,False
202508,sell,False,000948,19.74,30400,True,False
202508,sell,False,001236,12.05,38300,True,False
202508,sell,False,001317,45.96,13900,True,False
202508,sell,False,001390,24.18,27800,True,False
202508,sell,False,002104,19.42,32700,True,False
202508,sell,False,002161,8.25,96100,True,False
202508,sell,False,002339,7.84,80800,True,False
202508,sell,False,002639,10.95,60600,True,False
202508,sell,False,002929,44.27,13500,True,False
202508,sell,False,600530,8.34,70100,True,False
202508,sell,False,600644,13.43,45900,True,False
202508,sell,False,601007,7.67,84700,True,False
202508,sell,False,601059,16.22,37500,True,False
202508,sell,False,603045,17.59,38500,True,False
202508,sell,False,603232,16.2,37600,True,False
202508,sell,False,603538,25.79,32200,True,False
202508,sell,False,603681,15.34,43100,True,False
202508,sell,False,603918,21.74,31700,True,False
202508,sell,False,603982,9.11,55500,True,False
202508,buy,False,603262,30.1,21100,True,False
202508,buy,False,600930,6.48,98000,True,False
202508,buy,False,001221,57.25,11100,True,False
202508,buy,False,600644,13.43,47300,True,False
202508,buy,False,002225,7.1,89500,True,False
202508,buy,False,603045,17.59,36100,True,False
202508,buy,False,600826,10.84,58600,True,False
202508,buy,False,000712,14.44,44000,True,False
202508,buy,False,002912,26.82,23600,True,False
202508,buy,False,002929,44.27,14300,True,False
202508,buy,False,002339,7.84,81000,True,False
202508,buy,False,605151,19.92,31900,True,False
202508,buy,False,002909,6.11,104000,True,False
202508,buy,False,603729,17.4,36500,True,False
202508,buy,False,603912,9.29,68400,True,False
202508,buy,False,000713,7.13,89100,True,False
202508,buy,False,603681,15.34,41400,True,False
202508,buy,False,002819,28.48,22300,True,False
202508,buy,False,000850,4.44,143100,True,False
202508,buy,False,002068,10.91,58200,True,False
202509,sell,False,000712,15.12,44000,True,False
202509,sell,False,000713,7.14,89100,True,False
202509,sell,False,000850,4.61,143100,True,False
202509,sell,False,001221,52.9,11100,True,False
202509,sell,False,002068,11.27,58200,True,False
202509,sell,False,002225,6.21,89500,True,False
202509,sell,False,002339,8.24,81000,True,False
202509,sell,False,002819,30.49,22300,True,False
202509,sell,False,002909,7.09,104000,True,False
202509,sell,False,002912,30.96,23600,True,False
202509,sell,False,002929,55.98,14300,True,False
202509,sell,False,600644,12.23,47300,True,False
202509,sell,False,600826,11.2,58600,True,False
202509,sell,False,600930,6.51,98000,True,False
202509,sell,False,603045,20.75,36100,True,False
202509,sell,False,603262,32.28,21100,True,False
202509,sell,False,603681,15.61,41400,True,False
202509,sell,False,603729,16.86,36500,True,False
202509,sell,False,603912,10.12,68400,True,False
202509,sell,False,605151,19.96,31900,True,False
202509,buy,False,603716,32.51,20400,True,False
202509,buy,False,603262,32.28,20500,True,False
202509,buy,False,001221,52.9,12500,True,False
202509,buy,False,603406,44.1,15000,True,False
202509,buy,False,603912,10.12,65600,True,False
202509,buy,False,002366,7.7,86200,True,False
202509,buy,False,002213,17.67,37500,True,False
202509,buy,False,603516,98.86,6700,True,False
202509,buy,False,002362,24.87,26600,True,False
202509,buy,False,600930,6.51,102000,True,False
202509,buy,False,000892,5.08,130700,True,False
202509,buy,False,001317,51.4,12900,True,False
202509,buy,False,603063,36.8,18000,True,False
202509,buy,False,000561,12.9,51400,True,False
202509,buy,False,603222,11.4,58200,True,False
202509,buy,False,002657,46.63,14200,True,False
202509,buy,False,002148,10.76,61700,True,False
202509,buy,False,003007,36.79,18000,True,False
202509,buy,False,600658,6.44,103100,True,False
202509,buy,False,002622,3.73,178000,True,False
202510,sell,False,000561,11.08,51400,True,False
202510,sell,False,000892,6.56,130700,True,False
202510,sell,False,001221,61.11,12500,True,False
202510,sell,False,001317,48.99,12900,True,False
202510,sell,False,002148,9.49,61700,True,False
202510,sell,False,002213,20.68,37500,True,False
202510,sell,False,002362,24.53,26600,True,False
202510,sell,False,002366,7.86,86200,True,False
202510,sell,False,002622,3.15,178000,True,False
202510,sell,False,002657,32.06,14200,True,False
202510,sell,False,003007,34.54,18000,True,False
202510,sell,False,600658,5.5,103100,True,False
202510,sell,False,600930,6.39,102000,True,False
202510,sell,False,603063,36.0,18000,True,False
202510,sell,False,603222,11.5,58200,True,False
202510,sell,False,603262,30.48,20500,True,False
202510,sell,False,603406,44.66,15000,True,False
202510,sell,False,603516,166.9,6700,True,False
202510,sell,False,603716,24.35,20400,True,False
202510,sell,False,603912,9.4,65600,True,False
202510,buy,False,603418,64.65,10200,True,False
202510,buy,False,603716,24.35,27100,True,False
202510,buy,False,603406,44.66,14800,True,False
202510,buy,False,001221,61.11,10800,True,False
202510,buy,False,603370,52.42,12600,True,False
202510,buy,False,603262,30.48,21700,True,False
202510,buy,False,603516,166.9,3900,True,False
202510,buy,False,001285,60.0,11000,True,False
202510,buy,False,001309,222.21,2900,True,False
202510,buy,False,000892,6.56,100800,True,False
202510,buy,False,002213,20.68,32000,True,False
202510,buy,False,002366,7.86,84200,True,False
202510,buy,False,600930,6.39,103500,True,False
202510,buy,False,002176,10.2,64800,True,False
202510,buy,False,603912,9.4,70400,True,False
202510,buy,False,002657,32.06,20600,True,False
202510,buy,False,002335,71.0,9300,True,False
202510,buy,False,002148,9.49,69700,True,False
202510,buy,False,603222,11.5,57500,True,False
202510,buy,False,603959,6.53,101300,True,False
202511,sell,False,000892,7.5,100800,True,False
202511,sell,False,001221,59.57,10800,True,False
202511,sell,False,001285,54.0,11000,True,False
202511,sell,False,001309,220.0,2900,True,False
202511,sell,False,002148,9.6,69700,True,False
202511,sell,False,002176,11.22,64800,True,False
202511,sell,False,002213,27.0,32000,True,False
202511,sell,False,002335,54.22,9300,True,False
202511,sell,False,002366,8.1,84200,True,False
202511,sell,False,002657,30.83,20600,True,False
202511,sell,False,600930,6.42,103500,True,False
202511,sell,False,603222,10.4,57500,True,False
202511,sell,False,603262,29.27,21700,True,False
202511,sell,False,603370,50.16,12600,True,False
202511,sell,False,603406,44.76,14800,True,False
202511,sell,False,603418,60.86,10200,True,False
202511,sell,False,603516,178.0,3900,True,False
202511,sell,False,603716,25.0,27100,True,False
202511,sell,False,603912,8.6,70400,True,False
202511,sell,False,603959,7.11,101300,True,False
202511,buy,False,603877,14.43,45900,True,False
202511,buy,False,600939,3.17,209200,True,False
202511,buy,False,603609,7.67,86400,True,False
202511,buy,False,000761,3.57,185800,True,False
202511,buy,False,601238,7.81,84900,True,False
202511,buy,False,601229,9.5,69800,True,False
202511,buy,False,600827,9.04,73300,True,False
202511,buy,False,000553,6.4,103600,True,False
202511,buy,False,600648,10.98,60400,True,False
202511,buy,False,601766,7.56,87700,True,False
202511,buy,False,603277,18.17,36500,True,False
202511,buy,False,002408,4.82,137600,True,False
202511,buy,False,603288,38.12,17400,True,False
202511,buy,False,600655,5.53,119900,True,False
202511,buy,False,600229,6.79,97700,True,False
202511,buy,False,603327,9.29,71400,True,False
202511,buy,False,601921,8.04,82500,True,False
202511,buy,False,600271,8.31,79800,True,False
202511,buy,False,600088,15.96,41500,True,False
202511,buy,False,605158,8.67,76500,True,False
202512,sell,False,000553,6.3,103600,True,False
202512,sell,False,000761,3.34,185800,True,False
202512,sell,False,002408,4.84,137600,True,False
202512,sell,False,600088,17.29,41500,True,False
202512,sell,False,600229,7.01,97700,True,False
202512,sell,False,600271,9.02,79800,True,False
202512,sell,False,600648,10.77,60400,True,False
202512,sell,False,600655,5.37,119900,True,False
202512,sell,False,600827,9.04,73300,True,False
202512,sell,False,600939,3.82,209200,True,False
202512,sell,False,601229,9.88,69800,True,False
202512,sell,False,601238,9.25,84900,True,False
202512,sell,False,601766,7.2,87700,True,False
202512,sell,False,601921,7.94,82500,True,False
202512,sell,False,603277,16.72,36500,True,False
202512,sell,False,603288,36.96,17400,True,False
202512,sell,False,603327,9.89,71400,True,False
202512,sell,False,603609,7.56,86400,True,False
202512,sell,False,603877,16.36,45900,True,False
202512,sell,False,605158,8.28,76500,True,False
202512,buy,False,603609,7.56,89800,True,False
202512,buy,False,601229,9.88,68700,True,False
202512,buy,False,000761,3.34,203300,True,False
202512,buy,False,603277,16.72,40600,True,False
202512,buy,False,601766,7.2,94300,True,False
202512,buy,False,601921,7.94,85500,True,False
202512,buy,False,600655,5.37,126400,True,False
202512,buy,False,600648,10.77,63000,True,False
202512,buy,False,000553,6.3,107800,True,False
202512,buy,False,603288,36.96,18300,True,False
202512,buy,False,603992,28.71,23600,True,False
202512,buy,False,601236,8.55,79400,True,False
202512,buy,False,600161,17.28,39300,True,False
202512,buy,False,000538,56.06,12100,True,False
202512,buy,False,601166,20.93,32400,True,False
202512,buy,False,601186,7.73,87800,True,False
202512,buy,False,601009,11.57,58700,True,False
202512,buy,False,600927,14.28,47500,True,False
202512,buy,False,001308,21.88,31000,True,False
202512,buy,False,002304,66.17,10200,True,False
202601,sell,False,000538,56.76,12100,True,False
202601,sell,False,000553,5.54,107800,True,False
202601,sell,False,000761,3.38,203300,True,False
202601,sell,False,001308,20.86,31000,True,False
202601,sell,False,002304,60.69,10200,True,False
202601,sell,False,600161,16.33,39300,True,False
202601,sell,False,600648,10.09,63000,True,False
202601,sell,False,600655,5.14,126400,True,False
202601,sell,False,600927,16.02,47500,True,False
202601,sell,False,601009,11.45,58700,True,False
202601,sell,False,601166,21.09,32400,True,False
202601,sell,False,601186,7.68,87800,True,False
202601,sell,False,601229,10.12,68700,True,False
202601,sell,False,601236,8.2,79400,True,False
202601,sell,False,601766,6.83,94300,True,False
202601,sell,False,601921,7.78,85500,True,False
202601,sell,False,603277,16.83,40600,True,False
202601,sell,False,603288,37.19,18300,True,False
202601,sell,False,603609,7.11,89800,True,False
202601,sell,False,603992,40.95,23600,True,False
202601,buy,False,603609,7.11,95600,True,False
202601,buy,False,600055,15.67,43300,True,False
202601,buy,False,002986,10.79,62900,True,False
202601,buy,False,603877,14.53,46700,True,False
202601,buy,False,601718,3.36,202300,True,False
202601,buy,False,603722,39.47,17200,True,False
202601,buy,False,000761,3.38,201100,True,False
202601,buy,False,601229,10.12,67100,True,False
202601,buy,False,000731,6.56,103600,True,False
202601,buy,False,000552,2.32,292900,True,False
202601,buy,False,600606,1.66,409400,True,False
202601,buy,False,002022,5.97,113800,True,False
202601,buy,False,002761,8.6,79000,True,False
202601,buy,False,603955,29.0,23400,True,False
202601,buy,False,000707,6.11,111200,True,False
202601,buy,False,002302,6.15,110500,True,False
202601,buy,False,600088,16.15,42000,True,False
202601,buy,False,600939,3.19,213000,True,False
202601,buy,False,603258,18.56,36600,True,False
202601,buy,False,601238,8.14,83500,True,False
