date,type,limit,target,price,count,completed,canceled
202012,buy,False,000913,23.71,42100,True,False
202012,buy,False,603129,129.0,7700,True,False
202012,buy,False,603787,35.02,28500,True,False
202012,buy,False,002105,8.37,119400,True,False
202012,buy,False,603766,3.26,306700,True,False
202012,buy,False,001696,7.5,133300,True,False
202012,buy,False,601038,9.89,101100,True,False
202012,buy,False,600862,22.44,44500,True,False
202012,buy,False,600118,33.85,29500,True,False
202012,buy,False,600809,157.16,6300,True,False
202101,sell,False,000913,23.39,42100,True,False
202101,sell,False,001696,6.45,133300,True,False
202101,sell,False,002105,6.72,119400,True,False
202101,sell,False,600118,32.12,29500,True,False
202101,sell,False,600809,252.37,6300,True,False
202101,sell,False,600862,29.04,44500,True,False
202101,sell,False,601038,10.89,101100,True,False
202101,sell,False,603129,165.13,7700,True,False
202101,sell,False,603766,2.78,306700,True,False
202101,sell,False,603787,28.48,28500,True,False
202101,buy,False,600809,252.37,4100,True,False
202101,buy,False,000568,207.13,5000,True,False
202101,buy,False,000858,269.62,3900,True,False
202101,buy,False,000596,253.6,4100,True,False
202101,buy,False,002304,216.4,4800,True,False
202101,buy,False,000913,23.39,45000,True,False
202101,buy,False,600519,1785.77,500,True,False
202101,buy,False,600760,39.98,26300,True,False
202101,buy,False,600862,29.04,36200,True,False
202101,buy,False,002625,24.11,43700,True,False
202102,sell,False,000568,237.04,5000,True,False
202102,sell,False,000596,226.79,4100,True,False
202102,sell,False,000858,270.63,3900,True,False
202102,sell,False,000913,23.53,45000,True,False
202102,sell,False,002304,184.91,4800,True,False
202102,sell,False,002625,22.48,43700,True,False
202102,sell,False,600519,1915.79,500,True,False
202102,sell,False,600760,37.78,26300,True,False
202102,sell,False,600809,254.31,4100,True,False
202102,sell,False,600862,31.95,36200,True,False
202102,buy,False,600809,254.31,4100,True,False
202102,buy,False,000568,237.04,4400,True,False
202102,buy,False,600519,1915.79,500,True,False
202102,buy,False,000858,270.63,3800,True,False
202102,buy,False,002304,184.91,5600,True,False
202102,buy,False,000596,226.79,4600,True,False
202102,buy,False,603369,51.69,20200,True,False
202102,buy,False,600702,67.52,15500,True,False
202102,buy,False,600779,85.43,12200,True,False
202102,buy,False,000860,64.24,16300,True,False
202103,sell,False,000568,220.14,4400,True,False
202103,sell,False,000596,219.81,4600,True,False
202103,sell,False,000858,263.62,3800,True,False
202103,sell,False,000860,54.42,16300,True,False
202103,sell,False,002304,167.8,5600,True,False
202103,sell,False,600519,1964.79,500,True,False
202103,sell,False,600702,67.39,15500,True,False
202103,sell,False,600779,66.33,12200,True,False
202103,sell,False,600809,212.14,4100,True,False
202103,sell,False,603369,45.69,20200,True,False
202103,buy,False,600519,1964.79,400,True,False
202103,buy,False,600809,212.14,4500,True,False
202103,buy,False,000596,219.81,4300,True,False
202103,buy,False,000568,220.14,4300,True,False
202103,buy,False,000858,263.62,3600,True,False
202103,buy,False,002304,167.8,5700,True,False
202103,buy,False,600779,66.33,14400,True,False
202103,buy,False,603198,23.4,40900,True,False
202103,buy,False,603369,45.69,20900,True,False
202103,buy,False,603919,27.71,34600,True,False
202104,sell,False,000568,206.13,4300,True,False
202104,sell,False,000596,192.83,4300,True,False
202104,sell,False,000858,247.62,3600,True,False
202104,sell,False,002304,145.95,5700,True,False
202104,sell,False,600519,1806.79,400,True,False
202104,sell,False,600779,67.01,14400,True,False
202104,sell,False,600809,224.31,4500,True,False
202104,sell,False,603198,29.81,40900,True,False
202104,sell,False,603369,45.09,20900,True,False
202104,sell,False,603919,32.76,34600,True,False
202104,buy,False,600809,224.31,4300,True,False
202104,buy,False,000596,192.83,5000,True,False
202104,buy,False,002304,145.95,6600,True,False
202104,buy,False,000568,206.13,4600,True,False
202104,buy,False,000858,247.62,3900,True,False
202104,buy,False,600519,1806.79,500,True,False
202104,buy,False,601888,302.45,3100,True,False
202104,buy,False,603369,45.09,21400,True,False
202104,buy,False,600702,77.67,12400,True,False
202104,buy,False,600779,67.01,14400,True,False
202105,sell,False,000568,229.64,4600,True,False
202105,sell,False,000596,206.81,5000,True,False
202105,sell,False,000858,259.62,3900,True,False
202105,sell,False,002304,173.25,6600,True,False
202105,sell,False,600519,1785.79,500,True,False
202105,sell,False,600702,127.87,12400,True,False
202105,sell,False,600779,97.43,14400,True,False
202105,sell,False,600809,273.59,4300,True,False
202105,sell,False,601888,312.75,3100,True,False
202105,sell,False,603369,48.54,21400,True,False
202105,buy,False,600809,273.59,4100,True,False
202105,buy,False,000858,259.62,4400,True,False
202105,buy,False,000568,229.64,4900,True,False
202105,buy,False,600519,1785.79,600,True,False
202105,buy,False,002304,173.25,6500,True,False
202105,buy,False,603369,48.54,23500,True,False
202105,buy,False,603198,31.4,36400,True,False
202105,buy,False,000596,206.81,5500,True,False
202105,buy,False,600702,127.87,8900,True,False
202105,buy,False,603589,55.24,20600,True,False
202106,sell,False,000568,254.08,4900,True,False
202106,sell,False,000596,227.8,5500,True,False
202106,sell,False,000858,293.92,4400,True,False
202106,sell,False,002304,196.95,6500,True,False
202106,sell,False,600519,2007.79,600,True,False
202106,sell,False,600702,190.39,8900,True,False
202106,sell,False,600809,314.64,4100,True,False
202106,sell,False,603198,36.93,36400,True,False
202106,sell,False,603369,55.5,23500,True,False
202106,sell,False,603589,60.16,20600,True,False
202106,buy,False,600809,314.64,4200,True,False
202106,buy,False,000568,254.08,5200,True,False
202106,buy,False,000858,293.92,4500,True,False
202106,buy,False,002304,196.95,6700,True,False
202106,buy,False,600779,122.86,10800,True,False
202106,buy,False,600519,2007.79,600,True,False
202106,buy,False,000799,241.7,5500,True,False
202106,buy,False,600702,190.39,6900,True,False
202106,buy,False,603369,55.5,23900,True,False
202106,buy,False,000596,227.8,5800,True,False
202107,sell,False,000568,215.07,5200,True,False
202107,sell,False,000596,224.3,5800,True,False
202107,sell,False,000799,254.2,5500,True,False
202107,sell,False,000858,274.37,4500,True,False
202107,sell,False,002304,188.05,6700,True,False
202107,sell,False,600519,1865.05,600,True,False
202107,sell,False,600702,211.67,6900,True,False
202107,sell,False,600779,122.8,10800,True,False
202107,sell,False,600809,305.74,4200,True,False
202107,sell,False,603369,50.49,23900,True,False
202107,buy,False,600809,305.74,4200,True,False
202107,buy,False,000858,274.37,4700,True,False
202107,buy,False,000568,215.07,5900,True,False
202107,buy,False,002304,188.05,6800,True,False
202107,buy,False,600519,1865.05,600,True,False
202107,buy,False,603369,50.49,25500,True,False
202107,buy,False,000596,224.3,5700,True,False
202107,buy,False,601600,4.8,268700,True,False
202107,buy,False,600779,122.8,10500,True,False
202107,buy,False,603198,39.4,32700,True,False
202108,sell,False,000568,149.14,5900,True,False
202108,sell,False,000596,169.77,5700,True,False
202108,sell,False,000858,195.57,4700,True,False
202108,sell,False,002304,143.95,6800,True,False
202108,sell,False,600519,1469.08,600,True,False
202108,sell,False,600779,90.21,10500,True,False
202108,sell,False,600809,257.45,4200,True,False
202108,sell,False,601600,5.39,268700,True,False
202108,sell,False,603198,30.78,32700,True,False
202108,sell,False,603369,36.91,25500,True,False
202108,buy,False,603799,100.8,10100,True,False
202108,buy,False,002716,3.62,283800,True,False
202108,buy,False,600255,2.32,442900,True,False
202108,buy,False,601958,5.84,175900,True,False
202108,buy,False,000629,2.86,359200,True,False
202108,buy,False,603993,6.25,164400,True,False
202108,buy,False,000960,16.8,61100,True,False
202108,buy,False,002667,17.89,57400,True,False
202108,buy,False,603045,13.0,79000,True,False
202108,buy,False,000633,8.02,128100,True,False
202109,sell,False,000629,4.89,359200,True,False
202109,sell,False,000633,7.45,128100,True,False
202109,sell,False,000960,24.0,61100,True,False
202109,sell,False,002667,31.01,57400,True,False
202109,sell,False,002716,3.88,283800,True,False
202109,sell,False,600255,2.45,442900,True,False
202109,sell,False,601958,8.4,175900,True,False
202109,sell,False,603045,14.64,79000,True,False
202109,sell,False,603799,105.43,10100,True,False
202109,sell,False,603993,7.19,164400,True,False
202109,buy,False,000657,10.7,121800,True,False
202109,buy,False,000633,7.45,174900,True,False
202109,buy,False,603993,7.19,181300,True,False
202109,buy,False,000960,24.0,54300,True,False
202109,buy,False,603799,105.43,12300,True,False
202109,buy,False,002460,156.84,8300,True,False
202109,buy,False,600549,29.44,44200,True,False
202109,buy,False,002466,132.66,9800,True,False
202109,buy,False,002756,78.35,16600,True,False
202109,buy,False,601958,8.4,155200,True,False
202110,sell,False,000633,6.35,174900,True,False
202110,sell,False,000657,8.12,121800,True,False
202110,sell,False,000960,18.68,54300,True,False
202110,sell,False,002460,117.82,8300,True,False
202110,sell,False,002466,99.45,9800,True,False
202110,sell,False,002756,66.38,16600,True,False
202110,sell,False,600549,22.47,44200,True,False
202110,sell,False,601958,6.43,155200,True,False
202110,sell,False,603799,80.56,12300,True,False
202110,sell,False,603993,5.58,181300,True,False
202110,buy,False,000657,8.12,125300,True,False
202110,buy,False,603993,5.58,182400,True,False
202110,buy,False,601958,6.43,158300,True,False
202110,buy,False,603799,80.56,12600,True,False
202110,buy,False,000962,11.81,86200,True,False
202110,buy,False,600459,19.31,52700,True,False
202110,buy,False,600456,45.46,22300,True,False
202110,buy,False,002460,117.82,8600,True,False
202110,buy,False,000633,6.35,160300,True,False
202110,buy,False,000960,18.68,54500,True,False
202111,sell,False,000633,6.38,160300,True,False
202111,sell,False,000657,9.8,125300,True,False
202111,sell,False,000960,16.19,54500,True,False
202111,sell,False,000962,10.63,86200,True,False
202111,sell,False,002460,117.74,8600,True,False
202111,sell,False,600456,47.26,22300,True,False
202111,sell,False,600459,19.43,52700,True,False
202111,sell,False,601958,6.09,158300,True,False
202111,sell,False,603799,83.86,12600,True,False
202111,sell,False,603993,5.43,182400,True,False
202111,buy,False,603799,83.86,12100,True,False
202111,buy,False,000960,16.19,62700,True,False
202111,buy,False,000629,4.05,251000,True,False
202111,buy,False,002340,10.68,95100,True,False
202111,buy,False,002460,117.74,8600,True,False
202111,buy,False,600392,19.7,51600,True,False
202111,buy,False,601958,6.09,166900,True,False
202111,buy,False,603993,5.43,187200,True,False
202111,buy,False,002378,6.21,163700,True,False
202111,buy,False,600549,21.05,48200,True,False
202112,sell,False,000629,3.77,251000,True,False
202112,sell,False,000960,17.57,62700,True,False
202112,sell,False,002340,11.14,95100,True,False
202112,sell,False,002378,6.7,163700,True,False
202112,sell,False,002460,117.29,8600,True,False
202112,sell,False,600392,21.75,51600,True,False
202112,sell,False,600549,24.6,48200,True,False
202112,sell,False,601958,6.19,166900,True,False
202112,sell,False,603799,99.62,12100,True,False
202112,sell,False,603993,5.33,187200,True,False
202112,buy,False,600301,14.32,75100,True,False
202112,buy,False,002716,3.27,329200,True,False
202112,buy,False,000633,6.89,156200,True,False
202112,buy,False,002378,6.7,160700,True,False
202112,buy,False,603799,99.62,10800,True,False
202112,buy,False,002738,31.46,34200,True,False
202112,buy,False,601958,6.19,173900,True,False
202112,buy,False,000657,13.9,77400,True,False
202112,buy,False,002340,11.14,96600,True,False
202112,buy,False,002088,22.06,48800,True,False
202201,sell,False,000633,5.9,156200,True,False
202201,sell,False,000657,11.86,77400,True,False
202201,sell,False,002088,23.16,48800,True,False
202201,sell,False,002340,10.18,96600,True,False
202201,sell,False,002378,6.11,160700,True,False
202201,sell,False,002716,3.21,329200,True,False
202201,sell,False,002738,34.17,34200,True,False
202201,sell,False,600301,12.75,75100,True,False
202201,sell,False,601958,5.66,173900,True,False
202201,sell,False,603799,85.54,10800,True,False
202201,buy,False,002053,8.89,112800,True,False
202201,buy,False,603688,36.57,27400,True,False
202201,buy,False,002088,23.16,43300,True,False
202201,buy,False,603693,21.15,47400,True,False
202201,buy,False,603612,18.88,53100,True,False
202201,buy,False,002513,5.0,200600,True,False
202201,buy,False,600301,12.75,78600,True,False
202201,buy,False,605376,83.13,12000,True,False
202201,buy,False,002842,9.36,107100,True,False
202201,buy,False,002378,6.11,164100,True,False
202202,sell,False,002053,9.56,112800,True,False
202202,sell,False,002088,17.87,43300,True,False
202202,sell,False,002378,5.58,164100,True,False
202202,sell,False,002513,4.63,200600,True,False
202202,sell,False,002842,9.02,107100,True,False
202202,sell,False,600301,12.15,78600,True,False
202202,sell,False,603612,15.76,53100,True,False
202202,sell,False,603688,30.51,27400,True,False
202202,sell,False,603693,16.97,47400,True,False
202202,sell,False,605376,69.55,12000,True,False
202202,buy,False,603612,15.76,56700,True,False
202202,buy,False,002513,4.63,193100,True,False
202202,buy,False,002053,9.56,93500,True,False
202202,buy,False,603045,15.41,58000,True,False
202202,buy,False,600301,12.15,73500,True,False
202202,buy,False,603688,30.51,29300,True,False
202202,buy,False,002842,9.02,99100,True,False
202202,buy,False,002057,7.4,120800,True,False
202202,buy,False,600281,5.24,170600,True,False
202202,buy,False,601619,4.12,217000,True,False
202203,sell,False,002053,9.08,93500,True,False
202203,sell,False,002057,8.71,120800,True,False
202203,sell,False,002513,4.75,193100,True,False
202203,sell,False,002842,10.09,99100,True,False
202203,sell,False,600281,5.85,170600,True,False
202203,sell,False,600301,15.1,73500,True,False
202203,sell,False,601619,4.53,217000,True,False
202203,sell,False,603045,17.33,58000,True,False
202203,sell,False,603612,16.05,56700,True,False
202203,sell,False,603688,36.5,29300,True,False
202203,buy,False,603663,10.83,91300,True,False
202203,buy,False,600281,5.85,169100,True,False
202203,buy,False,603688,36.5,27100,True,False
202203,buy,False,603693,18.78,52700,True,False
202203,buy,False,600301,15.1,65500,True,False
202203,buy,False,002513,4.75,208300,True,False
202203,buy,False,603045,17.33,57100,True,False
202203,buy,False,603978,27.58,35800,True,False
202203,buy,False,002053,9.08,108900,True,False
202203,buy,False,605376,61.99,15900,True,False
202204,sell,False,002053,13.33,108900,True,False
202204,sell,False,002513,4.88,208300,True,False
202204,sell,False,600281,5.18,169100,True,False
202204,sell,False,600301,18.3,65500,True,False
202204,sell,False,603045,18.83,57100,True,False
202204,sell,False,603663,8.05,91300,True,False
202204,sell,False,603688,34.44,27100,True,False
202204,sell,False,603693,14.01,52700,True,False
202204,sell,False,603978,22.54,35800,True,False
202204,sell,False,605376,44.13,15900,True,False
202204,buy,False,603045,18.83,50600,True,False
202204,buy,False,600281,5.18,184200,True,False
202204,buy,False,603663,8.05,118500,True,False
202204,buy,False,603978,22.54,42300,True,False
202204,buy,False,600301,18.3,52100,True,False
202204,buy,False,603688,34.44,27700,True,False
202204,buy,False,002842,9.04,105500,True,False
202204,buy,False,605376,44.13,21600,True,False
202204,buy,False,600259,39.1,24400,True,False
202204,buy,False,002378,5.54,172200,True,False
202205,sell,False,002378,4.84,172200,True,False
202205,sell,False,002842,7.66,105500,True,False
202205,sell,False,600259,32.6,24400,True,False
202205,sell,False,600281,4.04,184200,True,False
202205,sell,False,600301,13.5,52100,True,False
202205,sell,False,603045,13.83,50600,True,False
202205,sell,False,603663,6.71,118500,True,False
202205,sell,False,603688,37.1,27700,True,False
202205,sell,False,603978,18.44,42300,True,False
202205,sell,False,605376,40.35,21600,True,False
202205,buy,False,605086,10.38,77700,True,False
202205,buy,False,603612,17.46,46100,True,False
202205,buy,False,603663,6.71,120200,True,False
202205,buy,False,002978,26.7,30200,True,False
202205,buy,False,002088,14.34,56200,True,False
202205,buy,False,600281,4.04,199600,True,False
202205,buy,False,003035,5.69,141700,True,False
202205,buy,False,002378,4.84,166600,True,False
202205,buy,False,002842,7.66,105200,True,False
202205,buy,False,603693,10.86,74200,True,False
202206,sell,False,002088,16.89,56200,True,False
202206,sell,False,002378,5.59,166600,True,False
202206,sell,False,002842,7.95,105200,True,False
202206,sell,False,002978,28.16,30200,True,False
202206,sell,False,003035,6.23,141700,True,False
202206,sell,False,600281,5.01,199600,True,False
202206,sell,False,603612,21.02,46100,True,False
202206,sell,False,603663,7.84,120200,True,False
202206,sell,False,603693,12.72,74200,True,False
202206,sell,False,605086,12.85,77700,True,False
202206,buy,False,605086,12.85,72400,True,False
202206,buy,False,603693,12.72,73100,True,False
202206,buy,False,603688,50.26,18500,True,False
202206,buy,False,003035,6.23,149400,True,False
202206,buy,False,601619,3.69,252200,True,False
202206,buy,False,002479,4.17,223200,True,False
202206,buy,False,002057,7.86,118400,True,False
202206,buy,False,603663,7.84,118700,True,False
202206,buy,False,002513,4.98,186900,True,False
202206,buy,False,002088,16.89,55100,True,False
202207,sell,False,002057,10.7,118400,True,False
202207,sell,False,002088,17.94,55100,True,False
202207,sell,False,002479,4.17,223200,True,False
202207,sell,False,002513,5.07,186900,True,False
202207,sell,False,003035,6.32,149400,True,False
202207,sell,False,601619,3.74,252200,True,False
202207,sell,False,603663,10.97,118700,True,False
202207,sell,False,603688,84.67,18500,True,False
202207,sell,False,603693,14.26,73100,True,False
202207,sell,False,605086,13.33,72400,True,False
202207,buy,False,002088,17.94,60700,True,False
202207,buy,False,605086,13.33,81700,True,False
202207,buy,False,603688,84.67,12800,True,False
202207,buy,False,600172,8.98,121300,True,False
202207,buy,False,002842,8.54,127600,True,False
202207,buy,False,600516,7.5,145300,True,False
202207,buy,False,000795,7.35,148300,True,False
202207,buy,False,600281,5.02,217100,True,False
202207,buy,False,600366,12.33,88400,True,False
202207,buy,False,002378,5.98,182200,True,False
202208,sell,False,000795,8.24,148300,True,False
202208,sell,False,002088,21.38,60700,True,False
202208,sell,False,002378,6.35,182200,True,False
202208,sell,False,002842,9.35,127600,True,False
202208,sell,False,600172,9.9,121300,True,False
202208,sell,False,600281,5.25,217100,True,False
202208,sell,False,600366,14.01,88400,True,False
202208,sell,False,600516,6.98,145300,True,False
202208,sell,False,603688,89.98,12800,True,False
202208,sell,False,605086,13.5,81700,True,False
202208,buy,False,605086,13.5,86800,True,False
202208,buy,False,002088,21.38,54800,True,False
202208,buy,False,603688,89.98,13000,True,False
202208,buy,False,002513,5.1,229900,True,False
202208,buy,False,600516,6.98,168000,True,False
202208,buy,False,600366,14.01,83700,True,False
202208,buy,False,000795,8.24,142300,True,False
202208,buy,False,603612,37.2,31500,True,False
202208,buy,False,603693,15.21,77100,True,False
202208,buy,False,601882,22.12,53000,True,False
202209,sell,False,000795,6.74,142300,True,False
202209,sell,False,002088,24.85,54800,True,False
202209,sell,False,002513,6.29,229900,True,False
202209,sell,False,600366,11.81,83700,True,False
202209,sell,False,600516,6.9,168000,True,False
202209,sell,False,601882,18.43,53000,True,False
202209,sell,False,603612,33.0,31500,True,False
202209,sell,False,603688,83.27,13000,True,False
202209,sell,False,603693,13.24,77100,True,False
202209,sell,False,605086,12.63,86800,True,False
202209,buy,False,605086,12.63,88100,True,False
202209,buy,False,002088,24.85,44800,True,False
202209,buy,False,600299,10.18,109400,True,False
202209,buy,False,603685,9.83,113300,True,False
202209,buy,False,002891,26.59,41800,True,False
202209,buy,False,603016,18.44,60400,True,False
202209,buy,False,600516,6.9,161400,True,False
202209,buy,False,003035,6.35,175400,True,False
202209,buy,False,002513,6.29,177000,True,False
202209,buy,False,600483,8.05,138300,True,False
202210,sell,False,002088,20.96,44800,True,False
202210,sell,False,002513,5.1,177000,True,False
202210,sell,False,002891,28.36,41800,True,False
202210,sell,False,003035,5.66,175400,True,False
202210,sell,False,600299,9.47,109400,True,False
202210,sell,False,600483,7.21,138300,True,False
202210,sell,False,600516,6.2,161400,True,False
202210,sell,False,603016,16.06,60400,True,False
202210,sell,False,603685,9.45,113300,True,False
202210,sell,False,605086,11.58,88100,True,False
202210,buy,False,605086,11.58,87300,True,False
202210,buy,False,002088,20.96,48200,True,False
202210,buy,False,000795,6.72,150600,True,False
202210,buy,False,603688,71.79,14000,True,False
202210,buy,False,601882,16.44,61500,True,False
202210,buy,False,600366,10.3,98200,True,False
202210,buy,False,603655,17.38,58200,True,False
202210,buy,False,002057,9.6,105400,True,False
202210,buy,False,600516,6.2,163200,True,False
202210,buy,False,603612,26.99,37400,True,False
202211,sell,False,000795,6.18,150600,True,False
202211,sell,False,002057,8.6,105400,True,False
202211,sell,False,002088,17.55,48200,True,False
202211,sell,False,600366,9.72,98200,True,False
202211,sell,False,600516,5.97,163200,True,False
202211,sell,False,601882,26.73,61500,True,False
202211,sell,False,603612,26.3,37400,True,False
202211,sell,False,603655,18.48,58200,True,False
202211,sell,False,603688,82.47,14000,True,False
202211,sell,False,605086,12.97,87300,True,False
202211,buy,False,605086,12.97,81800,True,False
202211,buy,False,600671,7.5,141500,True,False
202211,buy,False,002287,22.09,48000,True,False
202211,buy,False,601882,26.73,39700,True,False
202211,buy,False,603268,14.07,75400,True,False
202211,buy,False,603139,20.69,51300,True,False
202211,buy,False,603655,18.48,57400,True,False
202211,buy,False,603530,12.43,85400,True,False
202211,buy,False,605199,15.13,70100,True,False
202211,buy,False,002122,2.61,406700,True,False
202212,sell,False,002122,3.24,406700,True,False
202212,sell,False,002287,23.21,48000,True,False
202212,sell,False,600671,8.12,141500,True,False
202212,sell,False,601882,28.11,39700,True,False
202212,sell,False,603139,20.3,51300,True,False
202212,sell,False,603268,14.95,75400,True,False
202212,sell,False,603530,14.6,85400,True,False
202212,sell,False,603655,22.19,57400,True,False
202212,sell,False,605086,14.98,81800,True,False
202212,sell,False,605199,19.25,70100,True,False
202212,buy,False,600671,8.12,147300,True,False
202212,buy,False,002287,23.21,51500,True,False
202212,buy,False,002186,10.27,116500,True,False
202212,buy,False,600593,14.4,83100,True,False
202212,buy,False,600689,8.68,137800,True,False
202212,buy,False,002275,13.11,91200,True,False
202212,buy,False,600173,5.83,205200,True,False
202212,buy,False,002016,6.35,188400,True,False
202212,buy,False,600403,4.64,257900,True,False
202212,buy,False,000571,2.49,480600,True,False
202301,sell,False,000571,2.32,480600,True,False
202301,sell,False,002016,6.18,188400,True,False
202301,sell,False,002186,20.55,116500,True,False
202301,sell,False,002275,11.55,91200,True,False
202301,sell,False,002287,21.16,51500,True,False
202301,sell,False,600173,5.04,205200,True,False
202301,sell,False,600403,4.2,257900,True,False
202301,sell,False,600593,16.62,83100,True,False
202301,sell,False,600671,9.66,147300,True,False
202301,sell,False,600689,8.97,137800,True,False
202301,buy,False,002306,5.77,224900,True,False
202301,buy,False,600258,24.21,53600,True,False
202301,buy,False,600754,57.31,22600,True,False
202301,buy,False,601007,11.66,111300,True,False
202301,buy,False,605108,36.6,35400,True,False
202301,buy,False,002186,20.55,63100,True,False
202301,buy,False,600593,16.62,78000,True,False
202301,buy,False,000524,11.79,110000,True,False
202301,buy,False,000796,6.05,214500,True,False
202301,buy,False,603099,10.58,122600,True,False
202302,sell,False,000524,10.5,110000,True,False
202302,sell,False,000796,5.25,214500,True,False
202302,sell,False,002186,15.39,63100,True,False
202302,sell,False,002306,4.5,224900,True,False
202302,sell,False,600258,22.85,53600,True,False
202302,sell,False,600593,14.47,78000,True,False
202302,sell,False,600754,56.29,22600,True,False
202302,sell,False,601007,9.27,111300,True,False
202302,sell,False,603099,9.12,122600,True,False
202302,sell,False,605108,31.53,35400,True,False
202302,buy,False,605108,31.53,35400,True,False
202302,buy,False,601007,9.27,120400,True,False
202302,buy,False,600258,22.85,48800,True,False
202302,buy,False,600754,56.29,19800,True,False
202302,buy,False,603071,14.93,74700,True,False
202302,buy,False,002890,10.42,107100,True,False
202302,buy,False,002779,19.32,57700,True,False
202302,buy,False,002306,4.5,248100,True,False
202302,buy,False,600671,8.83,126400,True,False
202302,buy,False,000524,10.5,106300,True,False
202303,sell,False,000524,11.97,106300,True,False
202303,sell,False,002306,4.59,248100,True,False
202303,sell,False,002779,19.14,57700,True,False
202303,sell,False,002890,10.37,107100,True,False
202303,sell,False,600258,23.84,48800,True,False
202303,sell,False,600671,9.57,126400,True,False
202303,sell,False,600754,60.96,19800,True,False
202303,sell,False,601007,10.49,120400,True,False
202303,sell,False,603071,14.9,74700,True,False
202303,sell,False,605108,35.9,35400,True,False
202303,buy,False,601007,10.49,113000,True,False
202303,buy,False,600258,23.84,49700,True,False
202303,buy,False,002306,4.59,258400,True,False
202303,buy,False,600754,60.96,19400,True,False
202303,buy,False,605108,35.9,33000,True,False
202303,buy,False,000428,5.26,225500,True,False
202303,buy,False,002186,15.22,77900,True,False
202303,buy,False,000796,5.02,236300,True,False
202303,buy,False,600671,9.57,123900,True,False
202303,buy,False,600099,9.46,125400,True,False
202304,sell,False,000428,5.36,225500,True,False
202304,sell,False,000796,5.29,236300,True,False
202304,sell,False,002186,14.84,77900,True,False
202304,sell,False,002306,4.5,258400,True,False
202304,sell,False,600099,8.72,125400,True,False
202304,sell,False,600258,22.75,49700,True,False
202304,sell,False,600671,8.42,123900,True,False
202304,sell,False,600754,61.54,19400,True,False
202304,sell,False,601007,9.71,113000,True,False
202304,sell,False,605108,33.91,33000,True,False
202304,buy,False,002306,4.5,254700,True,False
202304,buy,False,601007,9.71,118000,True,False
202304,buy,False,600258,22.75,50300,True,False
202304,buy,False,600754,61.54,18600,True,False
202304,buy,False,605108,33.91,33800,True,False
202304,buy,False,000428,5.36,213800,True,False
202304,buy,False,000004,9.97,114900,True,False
202304,buy,False,601882,28.33,40400,True,False
202304,buy,False,600365,3.54,323800,True,False
202304,buy,False,600289,2.81,407900,True,False
202305,sell,False,000004,11.03,114900,True,False
202305,sell,False,000428,4.81,213800,True,False
202305,sell,False,002306,4.0,254700,True,False
202305,sell,False,600258,20.72,50300,True,False
202305,sell,False,600289,2.76,407900,True,False
202305,sell,False,600365,3.28,323800,True,False
202305,sell,False,600754,51.24,18600,True,False
202305,sell,False,601007,9.19,118000,True,False
202305,sell,False,601882,31.38,40400,True,False
202305,sell,False,605108,35.4,33800,True,False
202305,buy,False,600365,3.28,337000,True,False
202305,buy,False,603103,16.42,67300,True,False
202305,buy,False,600289,2.76,400500,True,False
202305,buy,False,600936,4.17,265100,True,False
202305,buy,False,002306,4.0,276300,True,False
202305,buy,False,600539,6.33,174600,True,False
202305,buy,False,603106,5.52,200200,True,False
202305,buy,False,601007,9.19,120200,True,False
202305,buy,False,600258,20.72,53300,True,False
202305,buy,False,601698,17.8,62100,True,False
202306,sell,False,002306,4.44,276300,True,False
202306,sell,False,600258,19.17,53300,True,False
202306,sell,False,600289,2.32,400500,True,False
202306,sell,False,600365,3.17,337000,True,False
202306,sell,False,600539,6.45,174600,True,False
202306,sell,False,600936,4.05,265100,True,False
202306,sell,False,601007,8.79,120200,True,False
202306,sell,False,601698,17.76,62100,True,False
202306,sell,False,603103,16.0,67300,True,False
202306,sell,False,603106,5.62,200200,True,False
202306,buy,False,600365,3.17,341000,True,False
202306,buy,False,603106,5.62,192300,True,False
202306,buy,False,600539,6.45,167600,True,False
202306,buy,False,600289,2.32,466000,True,False
202306,buy,False,601007,8.79,122900,True,False
202306,buy,False,600936,4.05,266900,True,False
202306,buy,False,603189,14.77,73100,True,False
202306,buy,False,603508,14.17,76200,True,False
202306,buy,False,603869,13.97,77300,True,False
202306,buy,False,603528,7.58,142600,True,False
202307,sell,False,600289,2.36,466000,True,False
202307,sell,False,600365,3.28,341000,True,False
202307,sell,False,600539,6.68,167600,True,False
202307,sell,False,600936,3.82,266900,True,False
202307,sell,False,601007,8.26,122900,True,False
202307,sell,False,603106,5.6,192300,True,False
202307,sell,False,603189,14.5,73100,True,False
202307,sell,False,603508,12.87,76200,True,False
202307,sell,False,603528,7.62,142600,True,False
202307,sell,False,603869,11.45,77300,True,False
202307,buy,False,600365,3.28,319100,True,False
202307,buy,False,600539,6.68,156700,True,False
202307,buy,False,600936,3.82,274000,True,False
202307,buy,False,603106,5.6,186900,True,False
202307,buy,False,600289,2.36,443500,True,False
202307,buy,False,603189,14.5,72100,True,False
202307,buy,False,002264,5.9,177400,True,False
202307,buy,False,605168,57.36,18200,True,False
202307,buy,False,601698,19.71,53100,True,False
202307,buy,False,603171,39.65,26400,True,False
202308,sell,False,002264,6.29,177400,True,False
202308,sell,False,600289,2.68,443500,True,False
202308,sell,False,600365,3.48,319100,True,False
202308,sell,False,600539,7.01,156700,True,False
202308,sell,False,600936,4.84,274000,True,False
202308,sell,False,601698,17.82,53100,True,False
202308,sell,False,603106,5.7,186900,True,False
202308,sell,False,603171,39.35,26400,True,False
202308,sell,False,603189,13.57,72100,True,False
202308,sell,False,605168,52.45,18200,True,False
202308,buy,False,600365,3.48,311100,True,False
202308,buy,False,601007,10.84,99800,True,False
202308,buy,False,603825,12.92,83800,True,False
202308,buy,False,600754,48.5,22300,True,False
202308,buy,False,600539,7.01,154400,True,False
202308,buy,False,600258,20.52,52700,True,False
202308,buy,False,605108,35.59,30400,True,False
202308,buy,False,002264,6.29,172100,True,False
202308,buy,False,002306,4.21,257100,True,False
202308,buy,False,600289,2.68,404000,True,False
202309,sell,False,002264,5.28,172100,True,False
202309,sell,False,002306,3.9,257100,True,False
202309,sell,False,600258,16.83,52700,True,False
202309,sell,False,600289,2.48,404000,True,False
202309,sell,False,600365,3.71,311100,True,False
202309,sell,False,600539,6.94,154400,True,False
202309,sell,False,600754,37.31,22300,True,False
202309,sell,False,601007,8.61,99800,True,False
202309,sell,False,603825,12.7,83800,True,False
202309,sell,False,605108,32.82,30400,True,False
202309,buy,False,600539,6.94,140900,True,False
202309,buy,False,601698,16.94,57700,True,False
202309,buy,False,603189,13.81,70800,True,False
202309,buy,False,603528,7.34,133300,True,False
202309,buy,False,600289,2.48,394500,True,False
202309,buy,False,603825,12.7,77000,True,False
202309,buy,False,002577,14.1,69300,True,False
202309,buy,False,600936,4.23,231300,True,False
202309,buy,False,001229,30.46,32100,True,False
202309,buy,False,603508,11.72,83400,True,False
202310,sell,False,001229,29.48,32100,True,False
202310,sell,False,002577,16.3,69300,True,False
202310,sell,False,600289,2.49,394500,True,False
202310,sell,False,600539,6.85,140900,True,False
202310,sell,False,600936,3.94,231300,True,False
202310,sell,False,601698,16.95,57700,True,False
202310,sell,False,603189,14.21,70800,True,False
202310,sell,False,603508,11.71,83400,True,False
202310,sell,False,603528,7.5,133300,True,False
202310,sell,False,603825,11.66,77000,True,False
202310,buy,False,600539,6.85,143000,True,False
202310,buy,False,603825,11.66,84000,True,False
202310,buy,False,603598,9.66,101400,True,False
202310,buy,False,600936,3.94,248700,True,False
202310,buy,False,002264,5.23,187300,True,False
202310,buy,False,600289,2.49,393500,True,False
202310,buy,False,603508,11.71,83600,True,False
202310,buy,False,601698,16.95,57800,True,False
202310,buy,False,603528,7.5,130600,True,False
202310,buy,False,603189,14.21,68900,True,False
202311,sell,False,002264,5.3,187300,True,False
202311,sell,False,600289,2.58,393500,True,False
202311,sell,False,600539,6.9,143000,True,False
202311,sell,False,600936,3.75,248700,True,False
202311,sell,False,601698,18.92,57800,True,False
202311,sell,False,603189,13.48,68900,True,False
202311,sell,False,603508,11.22,83600,True,False
202311,sell,False,603528,8.29,130600,True,False
202311,sell,False,603598,9.5,101400,True,False
202311,sell,False,603825,11.42,84000,True,False
202311,buy,False,600539,6.9,143400,True,False
202311,buy,False,603825,11.42,86600,True,False
202311,buy,False,603598,9.5,104100,True,False
202311,buy,False,600228,7.71,128300,True,False
202311,buy,False,003010,7.17,138000,True,False
202311,buy,False,603096,16.1,61400,True,False
202311,buy,False,002264,5.3,186700,True,False
202311,buy,False,601999,6.35,155800,True,False
202311,buy,False,603258,23.71,41700,True,False
202311,buy,False,600551,6.57,150600,True,False
202312,sell,False,002264,5.63,186700,True,False
202312,sell,False,003010,7.86,138000,True,False
202312,sell,False,600228,8.27,128300,True,False
202312,sell,False,600539,7.31,143400,True,False
202312,sell,False,600551,7.15,150600,True,False
202312,sell,False,601999,6.98,155800,True,False
202312,sell,False,603096,17.8,61400,True,False
202312,sell,False,603258,23.99,41700,True,False
202312,sell,False,603598,15.0,104100,True,False
202312,sell,False,603825,12.1,86600,True,False
202312,buy,False,600365,3.93,282800,True,False
202312,buy,False,600539,7.31,152000,True,False
202312,buy,False,603825,12.1,91800,True,False
202312,buy,False,603258,23.99,46300,True,False
202312,buy,False,600228,8.27,134400,True,False
202312,buy,False,002264,5.63,197400,True,False
202312,buy,False,603106,6.61,168100,True,False
202312,buy,False,603559,5.94,187100,True,False
202312,buy,False,603660,6.64,167400,True,False
202312,buy,False,003004,29.9,37100,True,False
202401,sell,False,002264,5.44,197400,True,False
202401,sell,False,003004,30.14,37100,True,False
202401,sell,False,600228,8.0,134400,True,False
202401,sell,False,600365,3.71,282800,True,False
202401,sell,False,600539,7.2,152000,True,False
202401,sell,False,603106,8.64,168100,True,False
202401,sell,False,603258,22.67,46300,True,False
202401,sell,False,603559,5.5,187100,True,False
202401,sell,False,603660,8.84,167400,True,False
202401,sell,False,603825,12.16,91800,True,False
202401,buy,False,603559,5.5,209900,True,False
202401,buy,False,600365,3.71,311200,True,False
202401,buy,False,603508,11.39,101300,True,False
202401,buy,False,002866,21.17,54500,True,False
202401,buy,False,001256,18.11,63700,True,False
202401,buy,False,001229,34.0,33900,True,False
202401,buy,False,600539,7.2,160300,True,False
202401,buy,False,002577,17.66,65300,True,False
202401,buy,False,601698,17.34,66500,True,False
202401,buy,False,601869,26.66,43300,True,False
202402,sell,False,001229,28.6,33900,True,False
202402,sell,False,001256,14.48,63700,True,False
202402,sell,False,002577,12.81,65300,True,False
202402,sell,False,002866,14.03,54500,True,False
202402,sell,False,600365,3.0,311200,True,False
202402,sell,False,600539,5.47,160300,True,False
202402,sell,False,601698,14.33,66500,True,False
202402,sell,False,601869,23.1,43300,True,False
202402,sell,False,603508,8.67,101300,True,False
202402,sell,False,603559,4.32,209900,True,False
202402,buy,False,601811,11.43,79100,True,False
202402,buy,False,603096,14.45,62600,True,False
202402,buy,False,600229,6.31,143400,True,False
202402,buy,False,600551,7.26,124600,True,False
202402,buy,False,601999,6.33,142900,True,False
202402,buy,False,002181,3.97,227900,True,False
202402,buy,False,601019,8.7,104000,True,False
202402,buy,False,601900,10.13,89300,True,False
202402,buy,False,601949,7.38,122600,True,False
202402,buy,False,601098,10.03,90200,True,False
202403,sell,False,002181,4.06,227900,True,False
202403,sell,False,600229,6.59,143400,True,False
202403,sell,False,600551,7.09,124600,True,False
202403,sell,False,601019,9.63,104000,True,False
202403,sell,False,601098,11.19,90200,True,False
202403,sell,False,601811,12.36,79100,True,False
202403,sell,False,601900,12.43,89300,True,False
202403,sell,False,601949,7.73,122600,True,False
202403,sell,False,601999,5.98,142900,True,False
202403,sell,False,603096,15.12,62600,True,False
202403,buy,False,601811,12.36,77700,True,False
202403,buy,False,601928,9.26,103700,True,False
202403,buy,False,601019,9.63,99700,True,False
202403,buy,False,601900,12.43,77200,True,False
202403,buy,False,601098,11.19,85800,True,False
202403,buy,False,601801,6.48,148200,True,False
202403,buy,False,603096,15.12,63500,True,False
202403,buy,False,600959,3.14,305800,True,False
202403,buy,False,600229,6.59,145700,True,False
202403,buy,False,601949,7.73,124200,True,False
202404,sell,False,600229,7.51,145700,True,False
202404,sell,False,600959,3.08,305800,True,False
202404,sell,False,601019,10.09,99700,True,False
202404,sell,False,601098,11.43,85800,True,False
202404,sell,False,601801,7.12,148200,True,False
202404,sell,False,601811,14.12,77700,True,False
202404,sell,False,601900,14.2,77200,True,False
202404,sell,False,601928,9.93,103700,True,False
202404,sell,False,601949,7.72,124200,True,False
202404,sell,False,603096,17.35,63500,True,False
202404,buy,False,601811,14.12,73400,True,False
202404,buy,False,001256,14.43,71800,True,False
202404,buy,False,601019,10.09,102700,True,False
202404,buy,False,000550,28.8,35900,True,False
202404,buy,False,601900,14.2,72900,True,False
202404,buy,False,601949,7.72,134200,True,False
202404,buy,False,603096,17.35,59700,True,False
202404,buy,False,601858,24.26,42700,True,False
202404,buy,False,605228,10.53,98400,True,False
202404,buy,False,601098,11.43,90600,True,False
202405,sell,False,000550,25.02,35900,True,False
202405,sell,False,001256,14.72,71800,True,False
202405,sell,False,601019,9.29,102700,True,False
202405,sell,False,601098,10.93,90600,True,False
202405,sell,False,601811,12.83,73400,True,False
202405,sell,False,601858,23.4,42700,True,False
202405,sell,False,601900,14.09,72900,True,False
202405,sell,False,601949,7.18,134200,True,False
202405,sell,False,603096,16.8,59700,True,False
202405,sell,False,605228,10.91,98400,True,False
202405,buy,False,601279,5.34,185600,True,False
202405,buy,False,605005,16.8,59000,True,False
202405,buy,False,605333,29.1,34000,True,False
202405,buy,False,605018,9.69,102300,True,False
202405,buy,False,603013,15.13,65500,True,False
202405,buy,False,605255,13.96,71000,True,False
202405,buy,False,603166,5.82,170300,True,False
202405,buy,False,605228,10.91,90800,True,False
202405,buy,False,603089,9.78,101300,True,False
202405,buy,False,603949,14.66,67600,True,False
202406,sell,False,601279,4.86,185600,True,False
202406,sell,False,603013,14.57,65500,True,False
202406,sell,False,603089,9.13,101300,True,False
202406,sell,False,603166,5.41,170300,True,False
202406,sell,False,603949,13.37,67600,True,False
202406,sell,False,605005,16.86,59000,True,False
202406,sell,False,605018,9.76,102300,True,False
202406,sell,False,605228,10.38,90800,True,False
202406,sell,False,605255,13.0,71000,True,False
202406,sell,False,605333,27.68,34000,True,False
202406,buy,False,601609,6.12,153700,True,False
202406,buy,False,002209,8.51,110600,True,False
202406,buy,False,601898,12.12,77600,True,False
202406,buy,False,600508,14.51,64800,True,False
202406,buy,False,601212,3.1,303600,True,False
202406,buy,False,601279,4.86,193600,True,False
202406,buy,False,601918,10.13,92900,True,False
202406,buy,False,600925,5.25,179200,True,False
202406,buy,False,601168,17.49,53800,True,False
202406,buy,False,001256,14.66,64200,True,False
202407,sell,False,001256,13.52,64200,True,False
202407,sell,False,002209,7.59,110600,True,False
202407,sell,False,600508,13.19,64800,True,False
202407,sell,False,600925,4.93,179200,True,False
202407,sell,False,601168,16.95,53800,True,False
202407,sell,False,601212,2.77,303600,True,False
202407,sell,False,601279,3.74,193600,True,False
202407,sell,False,601609,5.64,153700,True,False
202407,sell,False,601898,11.28,77600,True,False
202407,sell,False,601918,9.59,92900,True,False
202407,buy,False,601898,11.28,75800,True,False
202407,buy,False,601212,2.77,309000,True,False
202407,buy,False,601609,5.64,151700,True,False
202407,buy,False,601107,4.99,171500,True,False
202407,buy,False,600362,22.0,38900,True,False
202407,buy,False,601918,9.59,89200,True,False
202407,buy,False,600508,13.19,64800,True,False
202407,buy,False,601069,11.51,74300,True,False
202407,buy,False,601168,16.95,50400,True,False
202407,buy,False,600489,13.99,61100,True,False
202408,sell,False,600362,20.63,38900,True,False
202408,sell,False,600489,15.94,61100,True,False
202408,sell,False,600508,11.82,64800,True,False
202408,sell,False,601069,11.85,74300,True,False
202408,sell,False,601107,4.67,171500,True,False
202408,sell,False,601168,15.46,50400,True,False
202408,sell,False,601212,2.74,309000,True,False
202408,sell,False,601609,5.19,151700,True,False
202408,sell,False,601898,10.76,75800,True,False
202408,sell,False,601918,8.53,89200,True,False
202408,buy,False,603069,18.98,43300,True,False
202408,buy,False,601238,8.18,100400,True,False
202408,buy,False,601107,4.67,176000,True,False
202408,buy,False,601898,10.76,76300,True,False
202408,buy,False,600489,15.94,51500,True,False
202408,buy,False,601069,11.85,69300,True,False
202408,buy,False,600350,8.08,101700,True,False
202408,buy,False,000800,8.42,97600,True,False
202408,buy,False,600547,29.29,28000,True,False
202408,buy,False,000975,17.7,46400,True,False
202409,sell,False,000800,7.66,97600,True,False
202409,sell,False,000975,15.57,46400,True,False
202409,sell,False,600350,8.66,101700,True,False
202409,sell,False,600489,12.93,51500,True,False
202409,sell,False,600547,26.39,28000,True,False
202409,sell,False,601069,11.0,69300,True,False
202409,sell,False,601107,4.41,176000,True,False
202409,sell,False,601238,7.33,100400,True,False
202409,sell,False,601898,12.62,76300,True,False
202409,sell,False,603069,15.49,43300,True,False
202409,buy,False,000800,7.66,100100,True,False
202409,buy,False,601238,7.33,104600,True,False
202409,buy,False,600066,19.33,39600,True,False
202409,buy,False,002444,25.79,29700,True,False
202409,buy,False,601777,3.92,195600,True,False
202409,buy,False,603776,9.82,78100,True,False
202409,buy,False,600104,12.39,61900,True,False
202409,buy,False,601633,22.47,34100,True,False
202409,buy,False,000951,13.26,57800,True,False
202409,buy,False,603787,10.32,74300,True,False
202410,sell,False,000800,10.12,100100,True,False
202410,sell,False,000951,17.99,57800,True,False
202410,sell,False,002444,33.99,29700,True,False
202410,sell,False,600066,26.5,39600,True,False
202410,sell,False,600104,15.91,61900,True,False
202410,sell,False,601238,9.65,104600,True,False
202410,sell,False,601633,32.89,34100,True,False
202410,sell,False,601777,5.15,195600,True,False
202410,sell,False,603776,12.21,78100,True,False
202410,sell,False,603787,12.55,74300,True,False
202410,buy,False,000800,10.12,100000,True,False
202410,buy,False,601238,9.65,104900,True,False
202410,buy,False,603776,12.21,82900,True,False
202410,buy,False,600834,8.86,114200,True,False
202410,buy,False,600066,26.5,38200,True,False
202410,buy,False,601633,32.89,30700,True,False
202410,buy,False,000951,17.99,56200,True,False
202410,buy,False,002209,9.81,103200,True,False
202410,buy,False,600104,15.91,63600,True,False
202410,buy,False,603129,176.15,5700,True,False
202411,sell,False,000800,8.5,100000,True,False
202411,sell,False,000951,15.9,56200,True,False
202411,sell,False,002209,9.34,103200,True,False
202411,sell,False,600066,22.09,38200,True,False
202411,sell,False,600104,12.76,63600,True,False
202411,sell,False,600834,8.64,114200,True,False
202411,sell,False,601238,7.95,104900,True,False
202411,sell,False,601633,25.58,30700,True,False
202411,sell,False,603129,152.36,5700,True,False
202411,sell,False,603776,14.97,82900,True,False
202411,buy,False,002105,5.09,178600,True,False
202411,buy,False,603529,33.47,27100,True,False
202411,buy,False,603129,152.36,5900,True,False
202411,buy,False,603787,10.3,88300,True,False
202411,buy,False,603766,8.0,113600,True,False
202411,buy,False,000913,16.56,54900,True,False
202411,buy,False,601777,7.37,123400,True,False
202411,buy,False,601890,7.89,115200,True,False
202411,buy,False,600834,8.64,105200,True,False
202411,buy,False,603268,45.06,20100,True,False
202412,sell,False,000913,15.7,54900,True,False
202412,sell,False,002105,5.59,178600,True,False
202412,sell,False,600834,8.87,105200,True,False
202412,sell,False,601777,7.25,123400,True,False
202412,sell,False,601890,7.94,115200,True,False
202412,sell,False,603129,141.85,5900,True,False
202412,sell,False,603268,48.08,20100,True,False
202412,sell,False,603529,35.72,27100,True,False
202412,sell,False,603766,7.45,113600,True,False
202412,sell,False,603787,10.84,88300,True,False
202412,buy,False,002105,5.59,164500,True,False
202412,buy,False,603787,10.84,84800,True,False
202412,buy,False,603529,35.72,25700,True,False
202412,buy,False,002209,10.14,90700,True,False
202412,buy,False,601890,7.94,115800,True,False
202412,buy,False,002444,27.63,33200,True,False
202412,buy,False,603129,141.85,6400,True,False
202412,buy,False,603766,7.45,123400,True,False
202412,buy,False,000913,15.7,58500,True,False
202412,buy,False,001256,16.56,55500,True,False
202501,sell,False,000913,17.05,58500,True,False
202501,sell,False,001256,15.7,55500,True,False
202501,sell,False,002105,4.99,164500,True,False
202501,sell,False,002209,9.17,90700,True,False
202501,sell,False,002444,32.09,33200,True,False
202501,sell,False,601890,7.57,115800,True,False
202501,sell,False,603129,152.66,6400,True,False
202501,sell,False,603529,39.58,25700,True,False
202501,sell,False,603766,8.69,123400,True,False
202501,sell,False,603787,10.19,84800,True,False
202501,buy,False,603529,39.58,23700,True,False
202501,buy,False,603129,152.66,6100,True,False
202501,buy,False,603787,10.19,92300,True,False
202501,buy,False,603766,8.69,108300,True,False
202501,buy,False,000913,17.05,55200,True,False
202501,buy,False,603708,11.03,85300,True,False
202501,buy,False,002105,4.99,188600,True,False
202501,buy,False,002251,4.03,233500,True,False
202501,buy,False,601777,7.47,126000,True,False
202501,buy,False,600827,10.59,88800,True,False
202502,sell,False,000913,18.98,55200,True,False
202502,sell,False,002105,5.03,188600,True,False
202502,sell,False,002251,4.27,233500,True,False
202502,sell,False,600827,9.61,88800,True,False
202502,sell,False,601777,6.39,126000,True,False
202502,sell,False,603129,202.57,6100,True,False
202502,sell,False,603529,41.09,23700,True,False
202502,sell,False,603708,9.82,85300,True,False
202502,sell,False,603766,9.78,108300,True,False
202502,sell,False,603787,9.98,92300,True,False
202502,buy,False,002105,5.03,192700,True,False
202502,buy,False,603787,9.98,97100,True,False
202502,buy,False,603529,41.09,23500,True,False
202502,buy,False,603129,202.57,4700,True,False
202502,buy,False,001256,16.34,59300,True,False
202502,buy,False,002209,10.33,93800,True,False
202502,buy,False,603766,9.78,99100,True,False
202502,buy,False,000913,18.98,51000,True,False
202502,buy,False,601777,6.39,151700,True,False
202502,buy,False,000070,5.68,170700,True,False
202503,sell,False,000070,6.42,170700,True,False
202503,sell,False,000913,17.2,51000,True,False
202503,sell,False,001256,18.23,59300,True,False
202503,sell,False,002105,5.29,192700,True,False
202503,sell,False,002209,10.45,93800,True,False
202503,sell,False,601777,9.73,151700,True,False
202503,sell,False,603129,177.15,4700,True,False
202503,sell,False,603529,38.57,23500,True,False
202503,sell,False,603766,10.26,99100,True,False
202503,sell,False,603787,9.97,97100,True,False
202503,buy,False,002105,5.29,194300,True,False
202503,buy,False,603787,9.97,103100,True,False
202503,buy,False,603529,38.57,26600,True,False
202503,buy,False,001337,21.28,48300,True,False
202503,buy,False,000586,10.47,98100,True,False
202503,buy,False,603708,9.91,103700,True,False
202503,buy,False,603069,18.15,56600,True,False
202503,buy,False,605188,7.01,146600,True,False
202503,buy,False,000070,6.42,160100,True,False
202503,buy,False,600834,8.11,126700,True,False
202504,sell,False,000070,5.82,160100,True,False
202504,sell,False,000586,9.45,98100,True,False
202504,sell,False,001337,24.19,48300,True,False
202504,sell,False,002105,8.42,194300,True,False
202504,sell,False,600834,7.97,126700,True,False
202504,sell,False,603069,17.25,56600,True,False
202504,sell,False,603529,43.16,26600,True,False
202504,sell,False,603708,9.54,103700,True,False
202504,sell,False,603787,10.52,103100,True,False
202504,sell,False,605188,7.51,146600,True,False
202504,buy,False,603787,10.52,104300,True,False
202504,buy,False,603529,43.16,25400,True,False
202504,buy,False,000913,17.2,63800,True,False
202504,buy,False,603129,183.3,5900,True,False
202504,buy,False,001337,24.19,45300,True,False
202504,buy,False,002105,8.42,130300,True,False
202504,buy,False,600834,7.97,137700,True,False
202504,buy,False,002209,11.0,99700,True,False
202504,buy,False,605188,7.51,146100,True,False
202504,buy,False,603766,11.15,98400,True,False
202505,sell,False,000913,14.26,63800,True,False
202505,sell,False,001337,24.52,45300,True,False
202505,sell,False,002105,7.8,130300,True,False
202505,sell,False,002209,11.53,99700,True,False
202505,sell,False,600834,7.87,137700,True,False
202505,sell,False,603129,163.03,5900,True,False
202505,sell,False,603529,42.3,25400,True,False
202505,sell,False,603766,12.21,98400,True,False
202505,sell,False,603787,10.77,104300,True,False
202505,sell,False,605188,10.37,146100,True,False
202505,buy,False,605188,10.37,107700,True,False
202505,buy,False,603708,10.32,108200,True,False
202505,buy,False,002231,2.87,389100,True,False
202505,buy,False,603069,18.05,61800,True,False
202505,buy,False,603787,10.77,103700,True,False
202505,buy,False,002902,17.2,64900,True,False
202505,buy,False,000070,6.08,183700,True,False
202505,buy,False,002209,11.53,96800,True,False
202505,buy,False,600834,7.87,141900,True,False
202505,buy,False,603712,18.56,60100,True,False
202506,sell,False,000070,6.61,183700,True,False
202506,sell,False,002209,11.55,96800,True,False
202506,sell,False,002231,3.24,389100,True,False
202506,sell,False,002902,17.79,64900,True,False
202506,sell,False,600834,8.45,141900,True,False
202506,sell,False,603069,18.53,61800,True,False
202506,sell,False,603708,10.4,108200,True,False
202506,sell,False,603712,20.37,60100,True,False
202506,sell,False,603787,11.24,103700,True,False
202506,sell,False,605188,12.33,107700,True,False
202506,buy,False,603069,18.53,64400,True,False
202506,buy,False,000820,2.8,426400,True,False
202506,buy,False,002231,3.24,368500,True,False
202506,buy,False,600834,8.45,141300,True,False
202506,buy,False,600561,6.94,172000,True,False
202506,buy,False,603708,10.4,114800,True,False
202506,buy,False,605188,12.33,96800,True,False
202506,buy,False,000004,10.25,116400,True,False
202506,buy,False,600053,14.6,81700,True,False
202506,buy,False,001337,23.82,50100,True,False
202507,sell,False,000004,8.85,116400,True,False
202507,sell,False,000820,2.86,426400,True,False
202507,sell,False,001337,24.49,50100,True,False
202507,sell,False,002231,3.17,368500,True,False
202507,sell,False,600053,15.4,81700,True,False
202507,sell,False,600561,6.54,172000,True,False
202507,sell,False,600834,9.3,141300,True,False
202507,sell,False,603069,21.18,64400,True,False
202507,sell,False,603708,10.0,114800,True,False
202507,sell,False,605188,10.84,96800,True,False
202507,buy,False,002231,3.17,375600,True,False
202507,buy,False,001337,24.49,48600,True,False
202507,buy,False,603069,21.18,56200,True,False
202507,buy,False,600053,15.4,77300,True,False
202507,buy,False,000004,8.85,134500,True,False
202507,buy,False,603789,5.78,206000,True,False
202507,buy,False,000820,2.86,416300,True,False
202507,buy,False,002869,23.99,49600,True,False
202507,buy,False,003007,30.07,39600,True,False
202507,buy,False,002237,11.88,100200,True,False
202508,sell,False,000004,8.71,134500,True,False
202508,sell,False,000820,2.77,416300,True,False
202508,sell,False,001337,23.14,48600,True,False
202508,sell,False,002231,2.99,375600,True,False
202508,sell,False,002237,11.57,100200,True,False
202508,sell,False,002869,25.04,49600,True,False
202508,sell,False,003007,37.11,39600,True,False
202508,sell,False,600053,15.98,77300,True,False
202508,sell,False,603069,20.96,56200,True,False
202508,sell,False,603789,5.25,206000,True,False
202508,buy,False,002231,2.99,399300,True,False
202508,buy,False,000004,8.71,137100,True,False
202508,buy,False,000820,2.77,431100,True,False
202508,buy,False,600228,4.11,290500,True,False
202508,buy,False,605188,10.77,110800,True,False
202508,buy,False,002869,25.04,47600,True,False
202508,buy,False,002232,17.77,67200,True,False
202508,buy,False,600892,2.93,407500,True,False
202508,buy,False,603825,12.17,98100,True,False
202508,buy,False,003007,37.11,32100,True,False
202509,sell,False,000004,11.39,137100,True,False
202509,sell,False,000820,2.73,431100,True,False
202509,sell,False,002231,4.55,399300,True,False
202509,sell,False,002232,23.58,67200,True,False
202509,sell,False,002869,31.11,47600,True,False
202509,sell,False,003007,36.79,32100,True,False
202509,sell,False,600228,4.67,290500,True,False
202509,sell,False,600892,3.31,407500,True,False
202509,sell,False,603825,9.58,98100,True,False
202509,sell,False,605188,17.53,110800,True,False
202509,buy,False,002231,4.55,316400,True,False
202509,buy,False,605188,17.53,82100,True,False
202509,buy,False,603602,16.43,87600,True,False
202509,buy,False,000586,12.84,112100,True,False
202509,buy,False,603559,8.3,173400,True,False
202509,buy,False,603220,23.9,60200,True,False
202509,buy,False,603708,11.02,130600,True,False
202509,buy,False,002902,24.34,59100,True,False
202509,buy,False,600198,9.37,153600,True,False
202509,buy,False,603322,42.23,34000,True,False
202510,sell,False,000586,13.93,112100,True,False
202510,sell,False,002231,3.33,316400,True,False
202510,sell,False,002902,24.01,59100,True,False
202510,sell,False,600198,8.09,153600,True,False
202510,sell,False,603220,24.82,60200,True,False
202510,sell,False,603322,54.25,34000,True,False
202510,sell,False,603559,8.54,173400,True,False
202510,sell,False,603602,14.78,87600,True,False
202510,sell,False,603708,10.12,130600,True,False
202510,sell,False,605188,15.6,82100,True,False
202510,buy,False,001337,30.48,45900,True,False
202510,buy,False,002633,16.0,87500,True,False
202510,buy,False,000506,11.41,122700,True,False
202510,buy,False,600198,8.09,173000,True,False
202510,buy,False,605389,61.0,22900,True,False
202510,buy,False,002209,15.05,93000,True,False
202510,buy,False,601069,32.16,43500,True,False
202510,buy,False,002931,15.4,90900,True,False
202510,buy,False,002877,8.55,163700,True,False
202510,buy,False,001256,22.42,62400,True,False
202511,sell,False,000506,11.95,122700,True,False
202511,sell,False,001256,23.57,62400,True,False
202511,sell,False,001337,27.0,45900,True,False
202511,sell,False,002209,13.76,93000,True,False
202511,sell,False,002633,18.46,87500,True,False
202511,sell,False,002877,8.64,163700,True,False
202511,sell,False,002931,16.87,90900,True,False
202511,sell,False,600198,8.23,173000,True,False
202511,sell,False,601069,27.16,43500,True,False
202511,sell,False,605389,68.0,22900,True,False
202511,buy,False,603708,10.7,132600,True,False
202511,buy,False,603132,13.77,103000,True,False
202511,buy,False,600265,20.49,69200,True,False
202511,buy,False,600281,6.21,228500,True,False
202511,buy,False,603979,65.2,21700,True,False
202511,buy,False,605060,31.82,44500,True,False
202511,buy,False,605389,68.0,20800,True,False
202511,buy,False,603663,26.49,53500,True,False
202511,buy,False,001268,29.6,47900,True,False
202511,buy,False,605376,54.2,26100,True,False
202512,sell,False,001268,34.74,47900,True,False
202512,sell,False,600265,20.38,69200,True,False
202512,sell,False,600281,6.03,228500,True,False
202512,sell,False,603132,13.77,103000,True,False
202512,sell,False,603663,31.6,53500,True,False
202512,sell,False,603708,11.52,132600,True,False
202512,sell,False,603979,64.69,21700,True,False
202512,sell,False,605060,35.65,44500,True,False
202512,sell,False,605376,49.88,26100,True,False
202512,sell,False,605389,72.12,20800,True,False
202512,buy,False,600265,20.38,73100,True,False
202512,buy,False,601069,27.66,53800,True,False
202512,buy,False,001337,28.45,52300,True,False
202512,buy,False,600281,6.03,247100,True,False
202512,buy,False,603132,13.77,108200,True,False
202512,buy,False,000506,12.5,119200,True,False
202512,buy,False,605376,49.88,29800,True,False
202512,buy,False,603708,11.52,129300,True,False
202512,buy,False,605389,72.12,20600,True,False
202512,buy,False,002633,17.6,84600,True,False
