股票代码,股票名称,市场,更新时间,基本每股收益,扣除非经常性损益每股收益,每股未分配利润,每股净资产,每股资本公积金,净资产收益率,每股经营现金流量,货币资金,交易性金融资产,应收票据,应收账款,预付款项,其他应收款,应收关联公司款,应收利息,应收股利,存货,其中：消耗性生物资产,一年内到期的非流动资产,其他流动资产,流动资产合计,可供出售金融资产,持有至到期投资,长期应收款,长期股权投资,投资性房地产,固定资产,在建工程,工程物资,固定资产清理,生产性生物资产,油气资产,无形资产,开发支出,商誉,长期待摊费用,递延所得税资产,其他非流动资产,非流动资产合计,资产总计,短期借款,交易性金融负债,应付票据,应付账款,预收款项,应付职工薪酬,应交税费,应付利息,应付股利,其他应付款,应付关联公司款,一年内到期的非流动负债,其他流动负债,流动负债合计,长期借款,应付债券,长期应付款,专项应付款,预计负债,递延所得税负债,其他非流动负债,非流动负债合计,负债合计,实收资本（或股本）,资本公积,盈余公积,减：库存股,未分配利润,少数股东权益,外币报表折算价差,非正常经营项目收益调整,所有者权益（或股东权益）合计,负债和所有者（或股东权益）合计,其中：营业收入,其中：营业成本,营业税金及附加,销售费用,管理费用,勘探费用,财务费用,资产减值损失,加：公允价值变动净收益,投资收益,其中：对联营企业和合营企业的投资收益,影响营业利润的其他科目,三、营业利润,加：补贴收入,营业外收入,减：营业外支出,其中：非流动资产处置净损失,加：影响利润总额的其他科目,四、利润总额,减：所得税,加：影响净利润的其他科目,五、净利润,归属于母公司所有者的净利润,少数股东损益,销售商品、提供劳务收到的现金,收到的税费返还,收到其他与经营活动有关的现金,经营活动现金流入小计,购买商品、接受劳务支付的现金,支付给职工以及为职工支付的现金,支付的各项税费,支付其他与经营活动有关的现金,经营活动现金流出小计,经营活动产生的现金流量净额,收回投资收到的现金,取得投资收益收到的现金,处置固定资产、无形资产和其他长期资产收回的现金净额,处置子公司及其他营业单位收到的现金净额,收到其他与投资活动有关的现金,投资活动现金流入小计,购建固定资产、无形资产和其他长期资产支付的现金,投资支付的现金,取得子公司及其他营业单位支付的现金净额,支付其他与投资活动有关的现金,投资活动现金流出小计,投资活动产生的现金流量净额,吸收投资收到的现金,取得借款收到的现金,收到其他与筹资活动有关的现金,筹资活动现金流入小计,偿还债务支付的现金,分配股利、利润或偿付利息支付的现金,支付其他与筹资活动有关的现金,筹资活动现金流出小计,筹资活动产生的现金流量净额,四、汇率变动对现金的影响,四(2)、其他原因对现金的影响,五、现金及现金等价物净增加额,期初现金及现金等价物余额,期末现金及现金等价物余额,净利润,加：资产减值准备,固定资产折旧、油气资产折耗、生产性生物资产折旧,无形资产摊销,长期待摊费用摊销,处置固定资产、无形资产和其他长期资产的损失,固定资产报废损失,公允价值变动损失,投资损失,递延所得税资产减少,递延所得税负债增加,存货的减少,经营性应收项目的减少,经营性应付项目的增加,其他,经营活动产生的现金流量净额2,债务转为资本,一年内到期的可转换公司债券,融资租入固定资产,现金的期末余额,减：现金的期初余额,加：现金等价物的期末余额,减：现金等价物的期初余额,现金及现金等价物净增加额,流动比率(非金融类指标),速动比率(非金融类指标),现金比率(%)(非金融类指标),利息保障倍数(非金融类指标),非流动负债比率(%)(非金融类指标),流动负债比率(%)(非金融类指标),现金到期债务比率(%)(非金融类指标),有形资产净值债务率(%),权益乘数(%),股东的权益/负债合计(%),有形资产/负债合计(%),经营活动产生的现金流量净额/负债合计(%)(非金融类指标),EBITDA/负债合计(%)(非金融类指标),应收帐款周转率(非金融类指标),存货周转率(非金融类指标),运营资金周转率(非金融类指标),总资产周转率(非金融类指标),固定资产周转率(非金融类指标),应收帐款周转天数(非金融类指标),存货周转天数(非金融类指标),流动资产周转率(非金融类指标),流动资产周转天数(非金融类指标),总资产周转天数(非金融类指标),股东权益周转率(非金融类指标),营业收入增长率(%),净利润增长率(%),净资产增长率(%),固定资产增长率(%),总资产增长率(%),投资收益增长率(%),营业利润增长率(%),扣非每股收益同比(%),扣非净利润同比(%),暂无,成本费用利润率(%),营业利润率(非金融类指标),营业税金率(非金融类指标),营业成本率(非金融类指标),投资收益率,销售净利率(%),总资产报酬率,净利润率(非金融类指标),销售毛利率(%)(非金融类指标),三费比重(非金融类指标),管理费用率(非金融类指标),财务费用率(非金融类指标),扣除非经常性损益后的净利润,息税前利润(EBIT),息税折旧摊销前利润(EBITDA),EBITDA/营业总收入(%)(非金融类指标),资产负债率(%),流动资产比率(非金融类指标),货币资金比率(非金融类指标),存货比率(非金融类指标),固定资产比率,负债结构比(非金融类指标),归属于母公司股东权益/全部投入资本(%),股东的权益/带息债务(%),有形资产/净债务(%),每股经营性现金流(元),营业收入现金含量(%)(非金融类指标),经营活动产生的现金流量净额/经营活动净收益(%),销售商品提供劳务收到的现金/营业收入(%),经营活动产生的现金流量净额/营业收入,资本支出/折旧和摊销,每股现金流量净额(元),经营净现金比率（短期债务）(非金融类指标),经营净现金比率（全部债务）,经营活动现金净流量与净利润比率,全部资产现金回收率,营业收入,营业利润,总股本,已上市流通A股,已上市流通B股,已上市流通H股,股东人数(户),第一大股东的持股数量,十大流通股东持股数量合计(股),十大股东持股数量合计(股),机构总量（家）,机构持股总量(股),QFII机构数,QFII持股量,券商机构数,券商持股量,保险机构数,保险持股量,基金机构数,基金持股量,社保机构数,社保持股量,私募机构数,私募持股量,财务公司机构数,财务公司持股量,年金机构数,年金持股量,十大流通股东中持有A股合计(股),第一大流通股东持股量(股),自由流通股(股),受限流通A股(股),一般风险准备(金融类),其他综合收益(利润表),综合收益总额(利润表),归属于母公司股东权益(资产负债表),银行机构数(家)(机构持股),银行持股量(股)(机构持股),一般法人机构数(家)(机构持股),一般法人持股量(股)(机构持股),近一年净利润(元),信托机构数(家)(机构持股),信托持股量(股)(机构持股),特殊法人机构数(家)(机构持股),特殊法人持股量(股)(机构持股),加权净资产收益率(每股指标),扣非每股收益(单季度财务指标),最近一年营业收入（万元）,国家队持股数量（万股),业绩预告-本期净利润同比增幅下限%,业绩预告-本期净利润同比增幅上限%,归母净利润（业绩快报）,扣非净利润（业绩快报）,总资产（业绩快报）,净资产（业绩快报）,每股收益（业绩快报）,摊薄净资产收益率（业绩快报）,加权净资产收益率（业绩快报）,每股净资产（业绩快报）,应付票据及应付账款(资产负债表),应收票据及应收账款(资产负债表),递延收益(资产负债表),其他综合收益(资产负债表),其他权益工具(资产负债表),其他收益(利润表),资产处置收益(利润表),持续经营净利润(利润表),终止经营净利润(利润表),研发费用(利润表),其中:利息费用(利润表-财务费用),其中:利息收入(利润表-财务费用),近一年经营活动现金流净额,近一年归母净利润（万元）,近一年扣非净利润（万元）,近一年现金净流量（万元）,基本每股收益（单季度）,营业总收入(单季度)(万元),业绩预告公告日期 ,财报公告日期,业绩快报公告日期,近一年投资活动现金流净额(万元),业绩预告-本期净利润下限(万元),业绩预告-本期净利润上限(万元),营业总收入TTM(万元),员工总数(人),每股企业自由现金流,每股股东自由现金流,专项储备(万元),结算备付金(万元),拆出资金(万元),发放贷款及垫款(万元)(流动资产科目),衍生金融资产(万元),应收保费(万元),应收分保账款(万元),应收分保合同准备金(万元),买入返售金融资产(万元),划分为持有待售的资产(万元),发放贷款及垫款(万元)(非流动资产科目),向中央银行借款(万元),吸收存款及同业存放(万元),拆入资金(万元),衍生金融负债(万元),卖出回购金融资产款(万元),应付手续费及佣金(万元),应付分保账款(万元),保险合同准备金(万元),代理买卖证券款(万元),代理承销证券款(万元),划分为持有待售的负债(万元),预计负债(万元),递延收益(万元)（流动负债科目）,其中:优先股(万元)(非流动负债科目),永续债(万元)(非流动负债科目),长期应付职工薪酬(万元),其中:优先股(万元)(所有者权益科目),永续债(万元)(所有者权益科目),债权投资(万元),其他债权投资(万元),其他权益工具投资(万元),其他非流动金融资产(万元),合同负债(万元),合同资产(万元),其他资产(万元),应收款项融资(万元),使用权资产(万元),租赁负债(万元),稀释每股收益(元),营业总收入(万元),汇兑收益(万元),其中:归属于母公司综合收益(万元),其中:归属于少数股东综合收益(万元),利息收入(万元),已赚保费(万元),手续费及佣金收入(万元),利息支出(万元),手续费及佣金支出(万元),退保金(万元),赔付支出净额(万元),提取保险合同准备金净额(万元),保单红利支出(万元),分保费用(万元),其中:非流动资产处置利得(万元),信用减值损失(万元),净敞口套期收益(万元),营业总成本(万元),信用减值损失(万元、2019格式),资产减值损失(万元、2019格式),加:其他原因对现金的影响2(万元)(现金的期末余额科目),客户存款和同业存放款项净增加额(万元),向中央银行借款净增加额(万元),向其他金融机构拆入资金净增加额(万元),收到原保险合同保费取得的现金(万元),收到再保险业务现金净额(万元),保户储金及投资款净增加额(万元),处置以公允价值计量且其变动计入当期损益的金融资产净增加额(万元),收取利息、手续费及佣金的现金(万元),拆入资金净增加额(万元),回购业务资金净增加额(万元),客户贷款及垫款净增加额(万元),存放中央银行和同业款项净增加额(万元),支付原保险合同赔付款项的现金(万元),支付利息、手续费及佣金的现金(万元),支付保单红利的现金(万元),其中:子公司吸收少数股东投资收到的现金(万元),其中:子公司支付给少数股东的股利、利润(万元),投资性房地产的折旧及摊销(万元)
1,平安银行,深市,19901231,1.460000038146973,0,1.124899983406067,3.509999990463257,0.0,41.59999847412109,0,804200000.0,0,0,0.0,0.0,0.0,0,0,0,0,0,0,2004470016.0,0.0,34040000,0,0,0.0,0,23740000.0,9190000.0,0,0,0,0,0,0,0,0,0,43550000,76480000.0,2919190016,0,0,0,0,0.0,0.0,0.0,0,0,0.0,0,0,2682680064,0.0,0,0,0,0,0,0,0,0.0,0.0,90040000,0,45180000,0,101290000,0,0,0,2919190016.0,2919190016,0.0,0.0,0.0,0.0,0.0,0,0.0,0,0,0.0,0,0,0,0,0.0,0.0,0,0,101290000.0,15028000.0,-15387000,70875000.0,70875000.0,0,0,0,0,0,0,0,0,0,0,0,0,0,0,0,0,0,0,0,0,0,0,0,0,0,0,0,0,0,0,0,0,0,0,0,0,0,0,0,0,0,0,0,0,0,0,0,0,0,0,0,0,0,0,0,0,0,0,0,0,0,0.0,0.0,0.0,0.0,0.0,0.0,0,0.0,1.0,0.0,0.0,0,0,0,0,0,0,0,0,0,0,0,0,0,0,64.75,73.58999633789062,121.6620025634766,73.58999633789062,0,0,0,0,0,0.0,0.0,0.0,0.0,0,0.0,3.081000089645386,0.0,0.0,0.0,0.0,0.0,0,101290000.0,0,0,0.0,0.0,0.0,0.0,0.8130000233650208,0.0,1234.280029296875,-108.8199996948242,-23.73999977111816,0,0,0,0,0,0,0,0,0,0,0,0,0,0,0,0,0,0,0,0,0,0,0,0,0,0,0,0,0,0,0,0,0,0,0,0,0,0,0,0,0,0,0,0,0,0,2919190016.0,0,0,0,0,70875000.0,0,0,0,0,0,0,0.0,0,0,0,0,0,0,0,0,0,0,0,0,0.0,0,0,0,0,0,0,0,0,0,0,0,7087.5,0,0,0,0,0,901231,0,0,0,0,0,0,0.9599999785423279,0.9599999785423279,0,0,0,0,0,0,0,0,0,0,0,0,0,0,0,0,0,0,0,0,0,0,0,0,0,0,0,0,0,0,0,0,0,0,0,0,0,0,0,0,0,0,0,0,0,0,0,0,0,0,0,0,0,0,0,0,0,0,0,0,0,0,0,0,0,0,0,0,0,0,0,0,0,0,0,0,0,0,0
2,万  科Ａ,深市,19901231,0.3589999973773956,0,0.0,1.240000009536743,0.0,37.29000091552734,0,0.0,0,0,32105152.0,0.0,19995722.0,0,0,0,0,0,0,0.0,161276912.0,0,0,0,10301436.0,0,25796352.0,0.0,0,0,0,0,0,0,0,0,0,0,36097788.0,220079248,0,0,0,0,0.0,0.0,0.0,0,0,0.0,0,0,0,168632336.0,0,0,0,0,0,0,0,0.0,168632336.0,0,0,0,0,0,0,0,0,51446920.0,220079248,218642832.0,179560000.0,0.0,0.0,0.0,0,0.0,0,0,0.0,0,0,0,0,0.0,0.0,0,0,21469584.0,0.0,0,21469584.0,21469584.0,0,0,0,0,0,0,0,0,0,0,0,0,0,0,0,0,0,0,0,0,0,0,0,0,0,0,0,0,0,0,0,0,0,0,0,0,0,0,0,0,0,0,0,0,0,0,0,0,0,0,0,0,0,0,0,0,0,0,0,0,0,0.9559999704360962,0.9559999704360962,0.0,0.0,0.0,100.0,0,327.7789916992188,4.28000020980835,30.51000022888184,15.30000019073486,0,0,0,0,0,0,0,0,0,0,0,0,0,0,88.8499984741211,0.0,0.0,0.0,0,0,0,0,0,11.96000003814697,0.0,0.0,82.125,0,9.819999694824219,0.0,9.819000244140625,17.8799991607666,0.0,0.0,0.0,0,21469584.0,0,0,76.62000274658203,73.28099822998047,0.0,0.0,11.7209997177124,0.0,23.3799991607666,30.51000022888184,15.30000019073486,0,0,0,0,0,0,0,0,0,0,0,0,0,0,0,0,0,0,0,0,0,0,0,0,0,0,0,0,0,0,0,0,0,0,0,0,0,0,0,0,0,0,0,0,0,0,51446920.0,0,0,0,0,21469584.0,0,0,0,0,0,0,21864.283203125,0,0,0,0,0,0,0,0,0,0,0,0,32105152.0,0,0,0,0,0,0,0,0,0,0,0,2146.9599609375,0,0,0,0,0,901231,0,0,0,0,0,0,0.0,0.0,0,0,0,0,0,0,0,0,0,0,0,0,0,0,0,0,0,0,0,0,0,0,0,0,0,0,0,0,0,0,0,0,0,0,0,0,0,0,0,0,0,0,0,0,0,0,0,0,0,0,0,0,0,0,0,0,0,0,0,0,0,0,0,0,0,0,0,0,0,0,0,0,0,0,0,0,0,0,0
4,*ST国华,深市,19901231,0.221000000834465,0,0.0,0.0,0.0,15.6899995803833,0,1876800.0,0,0,2795300.0,252200.0,0.0,0,0,0,525000,0,0,0.0,5449300.0,0,0,0,738700.0,0,0.0,0.0,0,0,0,0,0,0,0,0,0,0,12111700.0,17654900,1000000,0,0,530000,0.0,0.0,423500.0,0,0,0.0,0,0,0,1953500.0,0,0,0,0,0,0,0,0.0,1953500.0,0,0,0,0,0,0,0,0,15701400.0,17654900,9583000.0,5819500.0,0.0,0.0,0.0,0,0.0,0,0,0.0,0,0,0,0,0.0,0.0,0,0,2886505.25,0.0,0,2770000.0,2770000.0,0,0,0,0,0,0,0,0,0,0,0,0,0,0,0,0,0,0,0,0,0,0,0,0,0,0,0,0,0,0,0,0,0,0,0,0,0,0,0,0,0,0,0,0,0,0,0,0,0,0,0,0,0,0,0,0,0,0,0,0,0,2.789999961853027,2.520999908447266,96.0739974975586,0.0,0.0,100.0,0,12.44200038909912,1.120000004768372,803.760009765625,96.06999969482422,0,0,0,0,0,0,0,0,0,0,0,0,0,0,149.8600006103516,0.0,0.0,0.0,0,0,0,0,0,47.59999847412109,0.0,0.0,60.72700119018555,0,28.90999984741211,0.0,28.90500068664551,39.27000045776367,0.0,0.0,0.0,0,2886505.25,0,0,11.0600004196167,30.86599922180176,34.44100189208984,9.633999824523926,0.0,0.0,94.01000213623047,1570.140014648438,-214.0500030517578,0,0,0,0,0,0,0,0,0,0,0,0,0,12500000,5000000,0,0,0,0,0,0,0,0,0,0,0,0,0,0,0,0,0,0,0,0,0,0,0,0,0,0,0,0,0,0,0,15701400.0,0,0,0,0,2770000.0,0,0,0,0,0,0,958.2999877929688,0,0,0,0,0,0,0,0,0,0,0,530000,2795300.0,0,0,0,0,0,0,0,0,0,0,0,277.0,0,0,0,0,0,901231,0,0,0,0,0,0,0.2300000041723251,0.2300000041723251,0,0,0,0,0,0,0,0,0,0,0,0,0,0,0,0,0,0,0,0,0,0,0,0,0,0,0,0,0,0,0,0,0,0,0,0,0,0,0,0,0,0,0,0,0,0,0,0,0,0,0,0,0,0,0,0,0,0,0,0,0,0,0,0,0,0,0,0,0,0,0,0,0,0,0,0,0,0,0
26,飞亚达,深市,19901231,0.0,0,0.0,0.0,0.0,0.0,0,0.0,0,0,0.0,0.0,0.0,0,0,0,0,0,0,0.0,0.0,0,0,0,38292400.0,0,7965500.0,0.0,0,0,0,0,0,0,0,0,0,0,38292400.0,0,0,0,0,0,0.0,0.0,0.0,0,0,0.0,0,0,0,0.0,0,0,0,0,0,0,0,30326900.0,30326900.0,0,0,0,0,0,0,0,0,-30326900.0,0,0.0,0.0,0.0,0.0,0.0,0,0.0,0,0,0.0,0,0,0,0,0.0,0.0,0,0,0.0,0.0,0,0.0,0.0,0,0,0,0,0,0,0,0,0,0,0,0,0,0,0,0,0,0,0,0,0,0,0,0,0,0,0,0,0,0,0,0,0,0,0,0,0,0,0,0,0,0,0,0,0,0,0,0,0,0,0,0,0,0,0,0,0,0,0,0,0,0.0,0.0,0.0,0.0,0.0,0.0,0,0.0,0.0,-100.0,26.27000045776367,0,0,0,0,0,0,0,0,0,0,0,0,0,0,0.0,0.0,0.0,0.0,0,0,0,0,0,0.0,0.0,0.0,0.0,0,0.0,0.0,0.0,0.0,0.0,0.0,0.0,0,0.0,0,0,0.0,0.0,0.0,0.0,0.0,0.0,100.0,0.0,0.0,0,0,0,0,0,0,0,0,0,0,0,0,0,0,0,0,0,0,0,0,0,0,0,0,0,0,0,0,0,0,0,0,0,0,0,0,0,0,0,0,0,0,0,0,0,0,-30326900.0,0,0,0,0,0.0,0,0,0,0,0,0,0.0,0,0,0,0,0,0,0,0,0,0,0,0,0.0,0,0,0,0,0,0,0,0,0,0,0,0.0,0,0,0,0,0,901231,0,0,0,0,0,0,0.0,0.0,0,0,0,0,0,0,0,0,0,0,0,0,0,0,0,0,0,0,0,0,0,0,0,0,0,0,0,0,0,0,0,0,0,0,0,0,0,0,0,0,0,0,0,0,0,0,0,0,0,0,0,0,0,0,0,0,0,0,0,0,0,0,0,0,0,0,0,0,0,0,0,0,0,0,0,0,0,0,0
35,中国天楹,深市,19901231,0.0,0,0.0,0.0,0.0,12.75,0,0.0,0,0,0.0,0.0,0.0,0,0,0,0,0,0,0.0,78059496.0,0,0,0,0.0,0,21927026.0,0.0,0,0,0,0,0,0,0,0,0,132839464,0.0,132839464,0,0,0,0,0.0,0.0,0.0,0,0,0.0,0,0,0,45759928.0,0,0,0,0,0,0,0,8011050.0,53770976.0,0,0,0,0,0,0,0,0,79068488.0,132839464,56215700.0,0.0,0.0,0.0,0.0,0,0.0,0,0,0.0,0,0,0,0,0.0,0.0,0,0,20088600.0,0.0,0,10081400.0,10081400.0,0,0,0,0,0,0,0,0,0,0,0,0,0,0,0,0,0,0,0,0,0,0,0,0,0,0,0,0,0,0,0,0,0,0,0,0,0,0,0,0,0,0,0,0,0,0,0,0,0,0,0,0,0,0,0,0,0,0,0,0,0,1.705999970436096,1.705999970436096,0.0,0.0,14.89799976348877,85.10199737548828,0,68.00599670410156,1.679999947547913,147.0500030517578,40.77999877929688,0,0,0,0,0,0,0,0,0,0,0,0,0,0,558.1799926757812,0.0,0.0,0.0,0,0,0,0,0,0.0,0.0,0.0,0.0,0,17.93000030517578,0.0,17.9330005645752,100.0,0.0,0.0,0.0,0,20088600.0,0,0,40.47999954223633,58.76200103759766,0.0,0.0,16.50600051879883,571.2100219726562,63.34000015258789,172.7899932861328,47.91999816894531,0,0,0,0,0,0,0,0,0,0,0,0,0,0,0,0,0,0,0,0,0,0,0,0,0,0,0,0,0,0,0,0,0,0,0,0,0,0,0,0,0,0,0,0,0,0,79068488.0,0,0,0,0,10081400.0,0,0,0,0,0,0,5621.56982421875,0,0,0,0,0,0,0,0,0,0,0,0,0.0,0,0,0,0,0,0,0,0,0,0,0,1008.140014648438,0,0,0,0,0,901231,0,0,0,0,0,0,0.0,0.0,0,0,0,0,0,0,0,0,0,0,0,0,0,0,0,0,0,0,0,0,0,0,0,0,0,0,0,0,0,0,0,0,0,0,0,0,0,0,0,0,0,0,0,0,0,0,0,0,0,0,0,0,0,0,0,0,0,0,0,0,0,0,0,0,0,0,0,0,0,0,0,0,0,0,0,0,0,0,0
507,珠海港,深市,19901231,0.0,0,0.0,0.0,0.0,0.0,0,0.0,0,0,1177554.25,0.0,16121332.0,0,0,0,0,0,0,0.0,47720172.0,0,0,0,67692224.0,0,65785908.0,0.0,0,0,0,0,0,0,0,0,0,115312400,67692224.0,115312400,0,0,0,0,0.0,0.0,0.0,0,0,0.0,0,0,0,26044012.0,0,0,0,0,0,0,0,0.0,26044012.0,0,0,0,0,0,0,0,0,89268384.0,115312400,0.0,0.0,0.0,0.0,0.0,0,0.0,0,0,0.0,0,0,0,0,0.0,0.0,0,0,0.0,0.0,0,0.0,0.0,0,0,0,0,0,0,0,0,0,0,0,0,0,0,0,0,0,0,0,0,0,0,0,0,0,0,0,0,0,0,0,0,0,0,0,0,0,0,0,0,0,0,0,0,0,0,0,0,0,0,0,0,0,0,0,0,0,0,0,0,0,0.0,0.0,0.0,0.0,0.0,0.0,0,0.0,1.289999961853027,342.760009765625,252.6000061035156,0,0,0,0,0,0,0,0,0,0,0,0,0,0,0.0,0.0,0.0,0.0,0,0,0,0,0,0.0,0.0,0.0,0.0,0,0.0,0.0,0.0,0.0,0.0,0.0,0.0,0,0.0,0,0,22.59000015258789,0.0,0.0,0.0,0.0,0.0,77.41000366210938,342.760009765625,252.6000061035156,0,0,0,0,0,0,0,0,0,0,0,0,0,0,0,0,0,0,0,0,0,0,0,0,0,0,0,0,0,0,0,0,0,0,0,0,0,0,0,0,0,0,0,0,0,0,89268384.0,0,0,0,0,0.0,0,0,0,0,0,0,0.0,0,0,0,0,0,0,0,0,0,0,0,0,1177554.25,0,0,0,0,0,0,0,0,0,0,0,0.0,0,0,0,0,0,901231,0,0,0,0,0,0,0.0,0.0,0,0,0,0,0,0,0,0,0,0,0,0,0,0,0,0,0,0,0,0,0,0,0,0,0,0,0,0,0,0,0,0,0,0,0,0,0,0,0,0,0,0,0,0,0,0,0,0,0,0,0,0,0,0,0,0,0,0,0,0,0,0,0,0,0,0,0,0,0,0,0,0,0,0,0,0,0,0,0
509,华塑控股,深市,19901231,0.0,0,0.0,0.0,0.0,0.0,0,213852.0625,168080,0,31339568.0,146827.71875,5299487.5,0,0,0,0,0,0,-384499.375,57679764.0,0,0,0,3320354.25,0,12753270.0,8303780.5,0,0,0,0,0,0,0,0,0,0,24376604.0,81672672,32600000,0,0,12495877,2138603.25,-103384.8828125,0.0,0,400000,715752.875,0,0,0,48246848.0,11780000,0,0,0,0,0,0,11780000.0,60026848.0,21565822,0,0,0,0,0,0,0,21565822.0,81672672,0.0,0.0,0.0,0.0,0.0,0,0.0,0,0,0.0,0,0,0,0,0.0,0.0,0,0,0.0,0.0,0,0.0,0.0,0,0,0,0,0,0,0,0,0,0,0,0,0,0,0,0,0,0,0,0,0,0,0,0,0,0,0,0,0,0,0,0,0,0,0,0,0,0,0,0,0,0,0,0,0,0,0,0,0,0,0,0,0,0,0,0,0,0,0,0,0,0.0,0.0,0.0,0.0,0.0,0.0,0,0.0,3.789999961853027,35.93000030517578,21.60000038146973,0,0,0,0,0,0,0,0,0,0,0,0,0,0,0.0,0.0,0.0,0.0,0,0,0,0,0,0.0,0.0,0.0,0.0,0,0.0,0.0,0.0,0.0,0.0,0.0,0.0,0,0.0,0,0,73.5,0.0,0.0,0.0,0.0,0.0,32.31000137329102,47.72999954223633,28.84000015258789,0,0,0,0,0,0,0,0,0,0,0,0,0,0,0,0,0,0,0,0,0,0,0,0,0,0,0,0,0,0,0,0,0,0,0,0,0,0,0,0,0,0,0,0,0,0,21565822.0,0,0,0,0,0.0,0,0,0,0,0,0,0.0,0,0,0,0,0,0,0,0,0,0,0,12495877,31339568.0,0,0,0,0,0,0,0,0,0,0,0,0.0,0,0,0,0,0,901231,0,0,0,0,0,0,0.0,0.0,0,0,0,0,0,0,0,0,0,0,0,0,0,0,0,0,0,0,0,0,0,0,0,0,0,0,0,0,0,0,0,0,0,0,0,0,0,0,0,0,0,0,0,0,0,0,0,0,0,0,0,0,0,0,0,0,0,0,0,0,0,0,0,0,0,0,0,0,0,0,0,0,0,0,0,0,0,0,0
510,新金路,深市,19901231,0.0,0,0.0,0.0,0.0,0.0,0,606711.375,1700,0,2452134.5,2272221.5,10630131.0,0,0,0,0,0,0,0.0,39270752.0,0,0,0,263809.0,0,0.0,13412972.0,0,0,0,0,0,0,0,0,0,0,13676781.0,105677232,11184000,0,0,17459286,1376884.75,353478.15625,2099119.0,0,0,11156158.0,0,0,0,43628928.0,0,0,0,0,0,0,0,0.0,43628928.0,34684748,0,0,0,0,0,0,0,34684748.0,105677232,41888196.0,25358598.0,5187090.5,909174.6875,3593592.25,0,1479509.25,0,0,49005.640625,0,0,5409236,0,367368.3125,369288.6875,0,0,5397315.5,754263.5,0,0.0,0.0,0,0,0,0,0,0,0,0,0,0,0,0,0,0,0,0,0,0,0,0,0,0,0,0,0,0,0,0,0,0,0,0,0,0,0,0,0,0,0,0,0,0,0,0,0,0,0,0,0,0,0,0,0,0,0,0,0,0,0,0,0,0.0,0.0,0.0,4.650000095367432,0.0,0.0,0,0.0,3.049999952316284,79.5,1.389999985694885,0,0,0,0,0,0,0,0,0,0,0,0,0,0,0.0,0.0,0.0,0.0,0,0,0,0,0,0.0,12.90999984741211,0.0,0.0,0,0.0,0.0,0.0,39.45999908447266,0.0,0.0,0.0,0,6876824.5,0,0,41.29000091552734,0.0,0.0,0.0,0.0,0.0,75.62000274658203,310.1300048828125,5.739999771118164,0,0,0,0,0,0,0,0,0,0,0,0,0,0,0,0,0,0,0,0,0,0,0,0,0,0,0,0,0,0,0,0,0,0,0,0,0,0,0,0,0,0,0,0,0,0,34684748.0,0,0,0,0,0.0,0,0,0,0,0,0,4188.8193359375,0,0,0,0,0,0,0,0,0,0,0,17459286,2452134.5,0,0,0,0,0,0,0,0,0,0,0,0.0,0,0,0,0,0,901231,0,0,0,0,0,0,0.1700000017881393,0.1700000017881393,0,0,0,0,0,0,0,0,0,0,0,0,0,0,0,0,0,0,0,0,0,0,0,0,0,0,0,0,0,0,0,0,0,0,0,0,0,0,0,0,0,0,0,0,0,0,0,0,0,0,0,0,0,0,0,0,0,0,0,0,0,0,0,0,0,0,0,0,0,0,0,0,0,0,0,0,0,0,0
514,渝 开 发,深市,19901231,0.0,0,0.0,0.0,0.0,26.02000045776367,0,0.0,0,0,1724406.5,0.0,150426160.0,0,0,0,0,0,0,0.0,170850480.0,0,0,0,5146435.5,0,5416435.5,0.0,0,0,0,0,0,0,0,0,0,180180096,5146435.5,180180096,0,0,0,0,0.0,0.0,0.0,0,0,0.0,0,0,0,149450656.0,0,0,0,0,0,0,0,1500000.0,150950656.0,0,0,0,0,0,0,0,0,29229430.0,180180096,29643340.0,16991870.0,0.0,0.0,0.0,0,0.0,0,0,0.0,0,0,0,0,0.0,0.0,0,0,8949267.0,0.0,0,7606877.0,7606877.0,0,0,0,0,0,0,0,0,0,0,0,0,0,0,0,0,0,0,0,0,0,0,0,0,0,0,0,0,0,0,0,0,0,0,0,0,0,0,0,0,0,0,0,0,0,0,0,0,0,0,0,0,0,0,0,0,0,0,0,0,0,1.14300000667572,1.14300000667572,0.0,0.0,0.9940000176429749,99.00599670410156,0,516.4340209960938,6.159999847412109,19.36000061035156,3.589999914169312,0,0,0,0,0,0,0,0,0,0,0,0,0,0,0.0,0.0,0.0,0.0,0,0,0,0,0,44.77000045776367,0.0,0.0,57.32099914550781,0,25.65999984741211,0.0,25.6609992980957,42.68000030517578,0.0,0.0,0.0,0,8949267.0,0,0,83.77999877929688,94.8219985961914,0.0,0.0,3.00600004196167,9963.376953125,16.36000061035156,19.55999946594238,3.619999885559082,0,0,0,0,0,0,0,0,0,0,0,0,0,0,0,0,0,0,0,0,0,0,0,0,0,0,0,0,0,0,0,0,0,0,0,0,0,0,0,0,0,0,0,0,0,0,29229430.0,0,0,0,0,7606877.0,0,0,0,0,0,0,2964.333984375,0,0,0,0,0,0,0,0,0,0,0,0,1724406.5,0,0,0,0,0,0,0,0,0,0,0,760.6900024414062,0,0,0,0,0,901231,0,0,0,0,0,0,0.0,0.0,0,0,0,0,0,0,0,0,0,0,0,0,0,0,0,0,0,0,0,0,0,0,0,0,0,0,0,0,0,0,0,0,0,0,0,0,0,0,0,0,0,0,0,0,0,0,0,0,0,0,0,0,0,0,0,0,0,0,0,0,0,0,0,0,0,0,0,0,0,0,0,0,0,0,0,0,0,0,0
516,国际医学,深市,19901231,0.0,0,0.0,0.0,0.0,12.44999980926514,0,0.0,0,0,416032.96875,0.0,5392208.0,0,0,0,0,0,0,0.0,6955005.5,0,0,0,1279404.25,0,1279404.25,0.0,0,0,0,0,0,0,0,0,0,8260167,1279404.25,8260167,0,0,0,0,0.0,0.0,0.0,0,0,0.0,0,0,0,2343610.5,0,0,0,0,0,0,0,0.0,2343610.5,0,0,0,0,0,0,0,0,5916556.5,8260167,41625536.0,34830908.0,0.0,0.0,0.0,0,0.0,0,0,0.0,0,0,0,0,0.0,0.0,0,0,2026312.375,0.0,0,736429.875,736429.875,0,0,0,0,0,0,0,0,0,0,0,0,0,0,0,0,0,0,0,0,0,0,0,0,0,0,0,0,0,0,0,0,0,0,0,0,0,0,0,0,0,0,0,0,0,0,0,0,0,0,0,0,0,0,0,0,0,0,0,0,0,2.967999935150146,2.967999935150146,0.0,0.0,0.0,100.0,0,39.61100006103516,1.399999976158142,252.4499969482422,54.59000015258789,0,0,0,0,0,0,0,0,0,0,0,0,0,0,0.0,0.0,0.0,0.0,0,0,0,0,0,2.109999895095825,0.0,0.0,83.677001953125,0,1.769999980926514,0.0,1.769000053405762,16.31999969482422,0.0,0.0,0.0,0,2026312.375,0,0,28.3700008392334,84.1989974975586,0.0,0.0,15.48900032043457,0.0,71.62999725341797,252.4499969482422,54.59000015258789,0,0,0,0,0,0,0,0,0,0,0,0,0,0,0,0,0,0,0,0,0,0,0,0,0,0,0,0,0,0,0,0,0,0,0,0,0,0,0,0,0,0,0,0,0,0,5916556.5,0,0,0,0,736429.875,0,0,0,0,0,0,4162.5537109375,0,0,0,0,0,0,0,0,0,0,0,0,416032.96875,0,0,0,0,0,0,0,0,0,0,0,73.63999938964844,0,0,0,0,0,901231,0,0,0,0,0,0,0.0,0.0,0,0,0,0,0,0,0,0,0,0,0,0,0,0,0,0,0,0,0,0,0,0,0,0,0,0,0,0,0,0,0,0,0,0,0,0,0,0,0,0,0,0,0,0,0,0,0,0,0,0,0,0,0,0,0,0,0,0,0,0,0,0,0,0,0,0,0,0,0,0,0,0,0,0,0,0,0,0,0
530,冰山冷热,深市,19901231,0.472900003194809,0,0.0,0.0,0.2942000031471252,36.54000091552734,0,8081233.5,0,0,41421436.0,0.0,16722207.0,0,0,0,0,0,0,0.0,120781856.0,0,0,0,2049786.0,0,21831030.0,2833425.0,0,0,0,0,0,0,0,0,0,0,26714240.0,147496096,53570000,0,0,0,29242356.0,-607535.75,241920.90625,0,0,24901706.0,0,0,0,107348448.0,2200000,0,800000,0,0,0,0,3000000.0,110348448.0,28702630,8445015,0,0,0,0,0,0,37147644.0,147496096,115138176.0,60298908.0,16999266.0,1547476.625,15556242.0,0,5729420.5,0,0,412469.59375,0,0,15419332,0,79739.6484375,117939.84375,0,0,15881132.0,2307169.75,0,13573962.0,13573962.0,0,0,0,0,0,0,0,0,0,0,0,0,0,0,0,0,0,0,0,0,0,0,0,0,0,0,0,0,0,0,0,0,0,0,0,0,0,0,0,0,0,0,0,0,0,0,0,0,0,0,0,0,0,0,0,0,0,0,0,0,0,1.125,1.125,7.527999877929688,3.769999980926514,2.719000101089478,97.28099822998047,0,297.0539855957031,3.970000028610229,33.65999984741211,27.11000061035156,0,0,0,0,0,0,0,0,0,0,0,0,0,0,0.0,0.0,0.0,0.0,0,0,0,0,0,13.5600004196167,13.39000034332275,14.76399993896484,52.37099838256836,0,11.78999996185303,0.0,11.78899955749512,47.63000106811523,19.83099937438965,13.51099967956543,4.97599983215332,0,21610552.0,0,0,74.80999755859375,81.88800048828125,6.690999984741211,0.0,14.80099964141846,3578.281982421875,39.97999954223633,66.61000061035156,62.72000122070312,0,0,0,0,0,0,0,0,0,0,0,0,0,0,0,0,0,0,0,0,0,0,0,0,0,0,0,0,0,0,0,0,0,0,0,0,0,0,0,0,0,0,0,0,0,0,37147644.0,0,0,0,0,13573962.0,0,0,0,0,0,0,11513.8173828125,0,0,0,0,0,0,0,0,0,0,0,0,41421436.0,0,0,0,0,0,0,0,0,0,0,0,1357.400024414062,0,0,0,0,0,901231,0,0,0,0,0,0,0.6399999856948853,0.6399999856948853,0,0,0,0,0,0,0,0,0,0,0,0,0,0,0,0,0,0,0,0,0,0,0,0,0,0,0,0,0,0,0,0,0,0,0,0,0,0,0,0,0,0,0,0,0,0,0,0,0,0,0,0,0,0,0,0,0,0,0,0,0,0,0,0,0,0,0,0,0,0,0,0,0,0,0,0,0,0,0
533,顺钠股份,深市,19901231,0.0,0,0.0,0.0,0.0,25.09000015258789,0,0.0,0,0,28701080.0,0.0,109364560.0,0,0,0,0,0,0,0.0,423767232.0,0,0,0,32195530.0,0,117053976.0,0.0,0,0,0,0,0,0,0,0,0,580539968,32195530.0,580539968,0,0,0,0,0.0,0.0,0.0,0,0,0.0,0,0,0,373430944.0,0,0,0,0,0,0,0,88276024.0,461706976.0,0,0,0,0,0,0,0,0,118833000.0,580539968,377714976.0,269639936.0,0.0,0.0,0.0,0,0.0,0,0,0.0,0,0,0,0,0.0,0.0,0,0,30502320.0,0.0,0,29813734.0,29813734.0,0,0,0,0,0,0,0,0,0,0,0,0,0,0,0,0,0,0,0,0,0,0,0,0,0,0,0,0,0,0,0,0,0,0,0,0,0,0,0,0,0,0,0,0,0,0,0,0,0,0,0,0,0,0,0,0,0,0,0,0,0,1.134999990463257,1.134999990463257,0.0,0.0,19.11899948120117,80.88099670410156,0,388.5339965820312,4.889999866485596,25.73999977111816,25.35000038146973,0,0,0,0,0,0,0,0,0,0,0,0,0,0,0.0,0.0,0.0,0.0,0,0,0,0,0,11.0600004196167,0.0,0.0,71.38700103759766,0,7.889999866485596,0.0,7.89300012588501,28.61000061035156,0.0,0.0,0.0,0,30502320.0,0,0,79.52999877929688,72.99500274658203,0.0,0.0,20.16300010681152,423.0260009765625,24.13999938964844,31.81999969482422,31.35000038146973,0,0,0,0,0,0,0,0,0,0,0,0,0,0,0,0,0,0,0,0,0,0,0,0,0,0,0,0,0,0,0,0,0,0,0,0,0,0,0,0,0,0,0,0,0,0,118833000.0,0,0,0,0,29813734.0,0,0,0,0,0,0,37771.49609375,0,0,0,0,0,0,0,0,0,0,0,0,28701080.0,0,0,0,0,0,0,0,0,0,0,0,2981.3701171875,0,0,0,0,0,901231,0,0,0,0,0,0,0.0,0.0,0,0,0,0,0,0,0,0,0,0,0,0,0,0,0,0,0,0,0,0,0,0,0,0,0,0,0,0,0,0,0,0,0,0,0,0,0,0,0,0,0,0,0,0,0,0,0,0,0,0,0,0,0,0,0,0,0,0,0,0,0,0,0,0,0,0,0,0,0,0,0,0,0,0,0,0,0,0,0
534,万泽股份,深市,19901231,0.0,0,0.0,0.0,0.0,3.079999923706055,0,0.0,0,0,0.0,0.0,0.0,0,0,0,0,0,0,0.0,15251510.0,0,0,0,172742704.0,0,0.0,0.0,0,0,0,0,0,0,0,0,0,195574832,172742704.0,195574832,0,0,0,0,0.0,0.0,0.0,0,0,0.0,0,0,0,18522960.0,0,0,0,0,0,0,0,76016752.0,94539712.0,0,0,0,0,0,0,0,0,101035120.0,195574832,26138420.0,0.0,0.0,0.0,0.0,0,0.0,0,0,0.0,0,0,0,0,0.0,0.0,0,0,3115830.0,0.0,0,3115830.0,3115830.0,0,0,0,0,0,0,0,0,0,0,0,0,0,0,0,0,0,0,0,0,0,0,0,0,0,0,0,0,0,0,0,0,0,0,0,0,0,0,0,0,0,0,0,0,0,0,0,0,0,0,0,0,0,0,0,0,0,0,0,0,0,0.8230000138282776,0.8230000138282776,0.0,0.0,80.40699768066406,19.5930004119873,0,93.57099914550781,1.940000057220459,106.870002746582,0.0,0,0,0,0,0,0,0,0,0,0,0,0,0,0,0.0,0.0,0.0,0.0,0,0,0,0,0,0.0,0.0,0.0,0.0,0,11.92000007629395,0.0,11.92000007629395,100.0,0.0,0.0,0.0,0,3115830.0,0,0,48.34000015258789,7.797999858856201,0.0,0.0,0.0,24.36700057983398,84.51000213623047,545.4600219726562,0.0,0,0,0,0,0,0,0,0,0,0,0,0,0,0,0,0,0,0,0,0,0,0,0,0,0,0,0,0,0,0,0,0,0,0,0,0,0,0,0,0,0,0,0,0,0,0,101035120.0,0,0,0,0,3115830.0,0,0,0,0,0,0,2613.842041015625,0,0,0,0,0,0,0,0,0,0,0,0,0.0,0,0,0,0,0,0,0,0,0,0,0,311.5799865722656,0,0,0,0,0,901231,0,0,0,0,0,0,0.0,0.0,0,0,0,0,0,0,0,0,0,0,0,0,0,0,0,0,0,0,0,0,0,0,0,0,0,0,0,0,0,0,0,0,0,0,0,0,0,0,0,0,0,0,0,0,0,0,0,0,0,0,0,0,0,0,0,0,0,0,0,0,0,0,0,0,0,0,0,0,0,0,0,0,0,0,0,0,0,0,0
546,金圆股份,深市,19901231,0.0,0,0.0,0.0,0.0,18.73999977111816,0,0.0,0,0,0.0,0.0,0.0,0,0,0,0,0,0,0.0,40635052.0,0,0,0,2767989.0,0,0.0,0.0,0,0,0,0,0,0,0,0,0,0,8451288.0,49086340,0,0,0,0,0.0,0.0,0.0,0,0,0.0,0,0,0,40723544.0,0,0,0,0,0,0,0,0.0,40723544.0,0,0,0,0,0,0,0,0,8362793.0,49086340,41553496.0,39903316.0,421645.0,120000.0,1615332.0,0,0.0,0,0,100000.0,0,0,100000,0,525143.0,118397.0,0,0,2038682.0,471650.0,0,1567032.0,1567032.0,0,0,0,0,0,0,0,0,0,0,0,0,0,0,0,0,0,0,0,0,0,0,0,0,0,0,0,0,0,0,0,0,0,0,0,0,0,0,0,0,0,0,0,0,0,0,0,0,0,0,0,0,0,0,0,0,0,0,0,0,0,0.9980000257492065,0.9980000257492065,0.0,0.0,0.0,100.0,0,486.9609985351562,5.869999885559082,20.54000091552734,0.0,0,0,0,0,0,0,0,0,0,0,0,0,0,0,0.0,0.0,0.0,0.0,0,0,0,0,0,3.730000019073486,0.239999994635582,1.014999985694885,96.02899932861328,0,3.769999980926514,0.0,3.770999908447266,3.970000028610229,4.176000118255615,3.88700008392334,0.0,0,2038682.0,0,0,82.95999908447266,82.78299713134766,0.0,0.0,0.0,0.0,17.04000091552734,20.54000091552734,0.0,0,0,0,0,0,0,0,0,0,0,0,0,0,0,0,0,0,0,0,0,0,0,0,0,0,0,0,0,0,0,0,0,0,0,0,0,0,0,0,0,0,0,0,0,0,0,8362793.0,0,0,0,0,1567032.0,0,0,0,0,0,0,4155.349609375,0,0,0,0,0,0,0,0,0,0,0,0,0.0,0,0,0,0,0,0,0,0,0,0,0,156.6999969482422,0,0,0,0,0,901231,0,0,0,0,0,0,0.0,0.0,0,0,0,0,0,0,0,0,0,0,0,0,0,0,0,0,0,0,0,0,0,0,0,0,0,0,0,0,0,0,0,0,0,0,0,0,0,0,0,0,0,0,0,0,0,0,0,0,0,0,0,0,0,0,0,0,0,0,0,0,0,0,0,0,0,0,0,0,0,0,0,0,0,0,0,0,0,0,0
563,陕国投Ａ,深市,19901231,0.0,0,0.0,0.0,0.0,0.8500000238418579,0,0.0,0,0,11487569.0,0.0,0.0,0,0,0,0,0,0,0.0,96844656.0,0,0,0,198856480.0,0,3502429.75,0.0,0,0,0,0,0,0,0,0,0,295701152,198856480.0,295701152,0,0,0,0,0.0,0.0,0.0,0,0,0.0,0,0,0,163040064.0,0,0,0,0,0,0,0,67496000.0,230536064.0,0,0,0,0,0,0,0,0,65165076.0,295701152,16228087.0,15678820.0,0.0,0.0,0.0,0,0.0,0,0,0.0,0,0,0,0,0.0,0.0,0,0,556647.5625,0.0,0,556647.5625,556647.5625,0,0,0,0,0,0,0,0,0,0,0,0,0,0,0,0,0,0,0,0,0,0,0,0,0,0,0,0,0,0,0,0,0,0,0,0,0,0,0,0,0,0,0,0,0,0,0,0,0,0,0,0,0,0,0,0,0,0,0,0,0,0.593999981880188,0.593999981880188,0.0,0.0,29.27799987792969,70.72200012207031,0,353.7720031738281,4.539999961853027,28.27000045776367,1.519999980926514,0,0,0,0,0,0,0,0,0,0,0,0,0,0,0.0,0.0,0.0,0.0,0,0,0,0,0,3.549999952316284,0.0,0.0,96.61499786376953,0,3.430000066757202,0.0,3.430000066757202,3.380000114440918,0.0,0.0,0.0,0,556647.5625,0,0,77.95999908447266,32.75099945068359,0.0,0.0,1.184000015258789,241.5549926757812,28.55999946594238,39.97000122070312,2.150000095367432,0,0,0,0,0,0,0,0,0,0,0,0,0,0,0,0,0,0,0,0,0,0,0,0,0,0,0,0,0,0,0,0,0,0,0,0,0,0,0,0,0,0,0,0,0,0,65165076.0,0,0,0,0,556647.5625,0,0,0,0,0,0,1622.808715820312,0,0,0,0,0,0,0,0,0,0,0,0,11487569.0,0,0,0,0,0,0,0,0,0,0,0,55.65999984741211,0,0,0,0,0,901231,0,0,0,0,0,0,0.0,0.0,0,0,0,0,0,0,0,0,0,0,0,0,0,0,0,0,0,0,0,0,0,0,0,0,0,0,0,0,0,0,0,0,0,0,0,0,0,0,0,0,0,0,0,0,0,0,0,0,0,0,0,0,0,0,0,0,0,0,0,0,0,0,0,0,0,0,0,0,0,0,0,0,0,0,0,0,0,0,0
564,供销大集,深市,19901231,0.0,0,0.0,0.0,0.0,52.22000122070312,0,0.0,0,0,4301029.5,0.0,23319284.0,0,0,0,0,0,0,0.0,38659216.0,0,0,0,1761648.5,0,1761648.5,0.0,0,0,0,0,0,0,0,0,0,40900924,1761648.5,40900924,0,0,0,0,0.0,0.0,0.0,0,0,0.0,0,0,0,34698628.0,0,0,0,0,0,0,0,3049000.0,37747628.0,0,0,0,0,0,0,0,0,3153295.0,40900924,113966112.0,99428904.0,0.0,0.0,0.0,0,0.0,0,0,0.0,0,0,0,0,0.0,0.0,0,0,1949200.0,0.0,0,1646800.0,1646800.0,0,0,0,0,0,0,0,0,0,0,0,0,0,0,0,0,0,0,0,0,0,0,0,0,0,0,0,0,0,0,0,0,0,0,0,0,0,0,0,0,0,0,0,0,0,0,0,0,0,0,0,0,0,0,0,0,0,0,0,0,0,1.113999962806702,1.113999962806702,0.0,0.0,8.07699966430664,91.9229965209961,0,1197.0849609375,12.97000026702881,8.350000381469727,4.670000076293945,0,0,0,0,0,0,0,0,0,0,0,0,0,0,0.0,0.0,0.0,0.0,0,0,0,0,0,1.659999966621399,0.0,0.0,87.24400329589844,0,1.450000047683716,0.0,1.445000052452087,12.76000022888184,0.0,0.0,0.0,0,1949200.0,0,0,92.29000091552734,94.51899719238281,0.0,0.0,4.307000160217285,1138.032958984375,8.329999923706055,9.09000015258789,5.079999923706055,0,0,0,0,0,0,0,0,0,0,0,0,0,0,0,0,0,0,0,0,0,0,0,0,0,0,0,0,0,0,0,0,0,0,0,0,0,0,0,0,0,0,0,0,0,0,3153295.0,0,0,0,0,1646800.0,0,0,0,0,0,0,11396.611328125,0,0,0,0,0,0,0,0,0,0,0,0,4301029.5,0,0,0,0,0,0,0,0,0,0,0,164.6799926757812,0,0,0,0,0,901231,0,0,0,0,0,0,0.0,0.0,0,0,0,0,0,0,0,0,0,0,0,0,0,0,0,0,0,0,0,0,0,0,0,0,0,0,0,0,0,0,0,0,0,0,0,0,0,0,0,0,0,0,0,0,0,0,0,0,0,0,0,0,0,0,0,0,0,0,0,0,0,0,0,0,0,0,0,0,0,0,0,0,0,0,0,0,0,0,0
565,渝三峡Ａ,深市,19901231,0.0,0,0.0,0.0,0.0,22.79000091552734,0,0.0,0,0,0.0,0.0,0.0,0,0,0,0,0,0,0.0,76504032.0,0,0,0,0.0,0,36493840.0,0.0,0,0,0,0,0,0,0,0,0,131626480,0.0,131626480,0,0,0,0,0.0,0.0,0.0,0,0,0.0,0,0,0,67723784.0,0,0,0,0,0,0,0,11056133.0,78779912.0,0,0,0,0,0,0,0,0,52846564.0,131626480,215028528.0,160315424.0,0.0,0.0,0.0,0,0.0,0,0,0.0,0,0,0,0,0.0,0.0,0,0,14170155.0,0.0,0,12044632.0,12044632.0,0,0,0,0,0,0,0,0,0,0,0,0,0,0,0,0,0,0,0,0,0,0,0,0,0,0,0,0,0,0,0,0,0,0,0,0,0,0,0,0,0,0,0,0,0,0,0,0,0,0,0,0,0,0,0,0,0,0,0,0,0,1.129999995231628,1.129999995231628,0.0,0.0,14.03400039672852,85.96600341796875,0,149.072998046875,2.490000009536743,67.08000183105469,46.31999969482422,0,0,0,0,0,0,0,0,0,0,0,0,0,0,0.0,0.0,0.0,0.0,0,0,0,0,0,7.510000228881836,0.0,0.0,74.55500030517578,0,5.599999904632568,0.0,5.60099983215332,25.44000053405762,0.0,0.0,0.0,0,14170155.0,0,0,59.84999847412109,58.12200164794922,0.0,0.0,27.72500038146973,612.5449829101562,43.83000183105469,78.02999877929688,53.88999938964844,0,0,0,0,0,0,0,0,0,0,0,0,0,0,0,0,0,0,0,0,0,0,0,0,0,0,0,0,0,0,0,0,0,0,0,0,0,0,0,0,0,0,0,0,0,0,52846564.0,0,0,0,0,12044632.0,0,0,0,0,0,0,21502.853515625,0,0,0,0,0,0,0,0,0,0,0,0,0.0,0,0,0,0,0,0,0,0,0,0,0,1204.4599609375,0,0,0,0,0,901231,0,0,0,0,0,0,0.0,0.0,0,0,0,0,0,0,0,0,0,0,0,0,0,0,0,0,0,0,0,0,0,0,0,0,0,0,0,0,0,0,0,0,0,0,0,0,0,0,0,0,0,0,0,0,0,0,0,0,0,0,0,0,0,0,0,0,0,0,0,0,0,0,0,0,0,0,0,0,0,0,0,0,0,0,0,0,0,0,0
566,海南海药,深市,19901231,0.0,0,0.0,0.0,0.0,28.63999938964844,0,0.0,0,0,0.0,0.0,0.0,0,0,0,0,0,0,0.0,40235152.0,0,0,0,0.0,0,0.0,0.0,0,0,0,0,0,0,0,0,0,61561808,0.0,61561808,0,0,0,0,0.0,0.0,0.0,0,0,0.0,0,0,0,35001760.0,0,0,0,0,0,0,0,12957000.0,47958760.0,0,0,0,0,0,0,0,0,13603049.0,61561808,38045000.0,31163306.0,0.0,0.0,0.0,0,0.0,0,0,0.0,0,0,0,0,0.0,0.0,0,0,4018272.0,0.0,0,3895644.0,3895644.0,0,0,0,0,0,0,0,0,0,0,0,0,0,0,0,0,0,0,0,0,0,0,0,0,0,0,0,0,0,0,0,0,0,0,0,0,0,0,0,0,0,0,0,0,0,0,0,0,0,0,0,0,0,0,0,0,0,0,0,0,0,1.149999976158142,1.149999976158142,0.0,0.0,27.01700019836426,72.98300170898438,0,352.5589904785156,4.53000020980835,28.36000061035156,0.0,0,0,0,0,0,0,0,0,0,0,0,0,0,0,0.0,0.0,0.0,0.0,0,0,0,0,0,12.5,0.0,0.0,81.91200256347656,0,10.23999977111816,0.0,10.23999977111816,18.09000015258789,0.0,0.0,0.0,0,4018272.0,0,0,77.9000015258789,65.35700225830078,0.0,0.0,0.0,270.1380004882812,27.98999977111816,38.86000061035156,0.0,0,0,0,0,0,0,0,0,0,0,0,0,0,0,0,0,0,0,0,0,0,0,0,0,0,0,0,0,0,0,0,0,0,0,0,0,0,0,0,0,0,0,0,0,0,0,13603049.0,0,0,0,0,3895644.0,0,0,0,0,0,0,3804.5,0,0,0,0,0,0,0,0,0,0,0,0,0.0,0,0,0,0,0,0,0,0,0,0,0,389.5599975585938,0,0,0,0,0,901231,0,0,0,0,0,0,0.0,0.0,0,0,0,0,0,0,0,0,0,0,0,0,0,0,0,0,0,0,0,0,0,0,0,0,0,0,0,0,0,0,0,0,0,0,0,0,0,0,0,0,0,0,0,0,0,0,0,0,0,0,0,0,0,0,0,0,0,0,0,0,0,0,0,0,0,0,0,0,0,0,0,0,0,0,0,0,0,0,0
567,海德股份,深市,19901231,0.0,0,0.0,0.0,0.0,9.850000381469727,0,0.0,0,0,0.0,0.0,0.0,0,0,0,0,0,0,0.0,66651504.0,0,0,0,46000.0,0,44215496.0,0.0,0,0,0,0,0,0,0,0,0,114497936,46000.0,114497936,0,0,0,0,0.0,0.0,0.0,0,0,0.0,0,0,0,12844666.0,0,0,0,0,0,0,0,54837900.0,67682568.0,0,0,0,0,0,0,0,0,46815372.0,114497936,94757896.0,0.0,0.0,0.0,0.0,0,0.0,0,0,0.0,0,0,0,0,0.0,0.0,0,0,5425668.0,0.0,0,4611817.5,4611817.5,0,0,0,0,0,0,0,0,0,0,0,0,0,0,0,0,0,0,0,0,0,0,0,0,0,0,0,0,0,0,0,0,0,0,0,0,0,0,0,0,0,0,0,0,0,0,0,0,0,0,0,0,0,0,0,0,0,0,0,0,0,5.189000129699707,5.189000129699707,0.0,0.0,81.02200317382812,18.97800064086914,0,144.572998046875,2.450000047683716,69.16999816894531,65.33000183105469,0,0,0,0,0,0,0,0,0,0,0,0,0,0,0.0,0.0,0.0,0.0,0,0,0,0,0,0.0,0.0,0.0,0.0,0,4.869999885559082,0.0,4.867000102996826,100.0,0.0,0.0,0.0,0,5425668.0,0,0,59.11000061035156,58.21200180053711,0.0,0.0,38.61700057983398,23.42300033569336,78.47000122070312,364.4700012207031,344.2300109863281,0,0,0,0,0,0,0,0,0,0,0,0,0,0,0,0,0,0,0,0,0,0,0,0,0,0,0,0,0,0,0,0,0,0,0,0,0,0,0,0,0,0,0,0,0,0,46815372.0,0,0,0,0,4611817.5,0,0,0,0,0,0,9475.7890625,0,0,0,0,0,0,0,0,0,0,0,0,0.0,0,0,0,0,0,0,0,0,0,0,0,461.1799926757812,0,0,0,0,0,901231,0,0,0,0,0,0,0.0,0.0,0,0,0,0,0,0,0,0,0,0,0,0,0,0,0,0,0,0,0,0,0,0,0,0,0,0,0,0,0,0,0,0,0,0,0,0,0,0,0,0,0,0,0,0,0,0,0,0,0,0,0,0,0,0,0,0,0,0,0,0,0,0,0,0,0,0,0,0,0,0,0,0,0,0,0,0,0,0,0
571,新大洲A,深市,19901231,0.0,0,0.0,0.0,0.0,9.729999542236328,0,0.0,0,0,0.0,0.0,0.0,0,0,0,0,0,0,0.0,24723878.0,0,0,0,0.0,0,3166661.0,0.0,0,0,0,0,0,0,0,0,0,28646596,0.0,28646596,0,0,0,0,0.0,0.0,0.0,0,0,0.0,0,0,0,21772888.0,0,0,0,0,0,0,0,0.0,21772888.0,0,0,0,0,0,0,0,0,6873707.0,28646596,13970784.0,0.0,0.0,0.0,0.0,0,0.0,0,0,0.0,0,0,0,0,0.0,0.0,0,0,669093.0,0.0,0,669093.0,669093.0,0,0,0,0,0,0,0,0,0,0,0,0,0,0,0,0,0,0,0,0,0,0,0,0,0,0,0,0,0,0,0,0,0,0,0,0,0,0,0,0,0,0,0,0,0,0,0,0,0,0,0,0,0,0,0,0,0,0,0,0,0,1.136000037193298,1.136000037193298,0.0,0.0,0.0,100.0,0,316.7560119628906,4.170000076293945,31.56999969482422,14.53999996185303,0,0,0,0,0,0,0,0,0,0,0,0,0,0,0.0,0.0,0.0,0.0,0,0,0,0,0,0.0,0.0,0.0,0.0,0,4.789999961853027,0.0,4.789000034332275,100.0,0.0,0.0,0.0,0,669093.0,0,0,76.01000213623047,86.30699920654297,0.0,0.0,11.05399990081787,0.0,23.98999977111816,31.56999969482422,14.53999996185303,0,0,0,0,0,0,0,0,0,0,0,0,0,0,0,0,0,0,0,0,0,0,0,0,0,0,0,0,0,0,0,0,0,0,0,0,0,0,0,0,0,0,0,0,0,0,6873707.0,0,0,0,0,669093.0,0,0,0,0,0,0,1397.078369140625,0,0,0,0,0,0,0,0,0,0,0,0,0.0,0,0,0,0,0,0,0,0,0,0,0,66.91000366210938,0,0,0,0,0,901231,0,0,0,0,0,0,0.0,0.0,0,0,0,0,0,0,0,0,0,0,0,0,0,0,0,0,0,0,0,0,0,0,0,0,0,0,0,0,0,0,0,0,0,0,0,0,0,0,0,0,0,0,0,0,0,0,0,0,0,0,0,0,0,0,0,0,0,0,0,0,0,0,0,0,0,0,0,0,0,0,0,0,0,0,0,0,0,0,0
600600,青岛啤酒,沪市,19901231,0.0,0,0.0,0.0,0.0,12.14999961853027,0,0.0,0,0,74104056.0,0.0,75362032.0,0,0,0,0,0,0,0.0,287121120.0,0,0,0,0.0,0,112097760.0,0.0,0,0,0,0,0,0,0,0,0,839027712,0.0,839027712,0,0,0,0,0.0,0.0,0.0,0,0,0.0,0,0,0,220804656.0,0,0,0,0,0,0,0,415492064.0,636296704.0,0,0,0,0,0,0,0,0,202730976.0,839027712,337050848.0,259915312.0,0.0,0.0,0.0,0,0.0,0,0,0.0,0,0,0,0,0.0,0.0,0,0,33870316.0,0.0,0,24641302.0,24641302.0,0,0,0,0,0,0,0,0,0,0,0,0,0,0,0,0,0,0,0,0,0,0,0,0,0,0,0,0,0,0,0,0,0,0,0,0,0,0,0,0,0,0,0,0,0,0,0,0,0,0,0,0,0,0,0,0,0,0,0,0,0,1.299999952316284,1.299999952316284,0.0,0.0,65.2979965209961,34.70199966430664,0,313.8630065917969,4.139999866485596,31.86000061035156,17.6200008392334,0,0,0,0,0,0,0,0,0,0,0,0,0,0,0.0,0.0,0.0,0.0,0,0,0,0,0,9.479999542236328,0.0,0.0,77.11499786376953,0,7.309999942779541,0.0,7.310999870300293,22.88999938964844,0.0,0.0,0.0,0,33870316.0,0,0,75.83999633789062,34.22100067138672,0.0,0.0,13.35999965667725,53.14300155639648,47.86999893188477,91.80999755859375,50.77000045776367,0,0,0,0,0,0,0,0,0,0,0,0,0,0,0,0,0,0,0,0,0,0,0,0,0,0,0,0,0,0,0,0,0,0,0,0,0,0,0,0,0,0,0,0,0,0,202730976.0,0,0,0,0,24641302.0,0,0,0,0,0,0,33705.0859375,0,0,0,0,0,0,0,0,0,0,0,0,74104056.0,0,0,0,0,0,0,0,0,0,0,0,2464.1298828125,0,0,0,0,0,901231,0,0,0,0,0,0,0.0,0.0,0,0,0,0,0,0,0,0,0,0,0,0,0,0,0,0,0,0,0,0,0,0,0,0,0,0,0,0,0,0,0,0,0,0,0,0,0,0,0,0,0,0,0,0,0,0,0,0,0,0,0,0,0,0,0,0,0,0,0,0,0,0,0,0,0,0,0,0,0,0,0,0,0,0,0,0,0,0,0
600601,方正科技,沪市,19901231,0.05099999904632568,0,0.0,0.0,0.0,4.789999961853027,0,0.0,0,0,4344920.0,0.0,2169047.5,0,0,0,0,0,0,0.0,12262398.0,0,0,0,2336000.0,0,5652546.5,0.0,0,0,0,0,0,0,0,0,0,20255516,2336000.0,20255516,0,0,0,0,0.0,0.0,0.0,0,0,0.0,0,0,0,4806839.0,0,0,0,0,0,0,0,4806839.0,9613678.0,0,0,0,0,0,0,0,0,10641837.0,20255516,6212212.5,4981216.5,0.0,0.0,0.0,0,0.0,0,0,0.0,0,0,0,0,0.0,0.0,0,0,660545.375,0.0,0,509633.1875,509633.1875,0,0,0,0,0,0,0,0,0,0,0,0,0,0,0,0,0,0,0,0,0,0,0,0,0,0,0,0,0,0,0,0,0,0,0,0,0,0,0,0,0,0,0,0,0,0,0,0,0,0,0,0,0,0,0,0,0,0,0,0,0,2.551000118255615,2.551000118255615,0.0,0.0,50.0,50.0,0,90.33899688720703,1.899999976158142,110.6900024414062,58.79999923706055,0,0,0,0,0,0,0,0,0,0,0,0,0,0,-92.7699966430664,0.0,0.0,0.0,0,0,0,0,0,10.22999954223633,0.0,0.0,80.18399810791016,0,8.199999809265137,0.0,8.204000473022461,19.81999969482422,0.0,0.0,0.0,0,660545.375,0,0,47.45999908447266,60.53900146484375,0.0,0.0,27.9060001373291,100.0,68.88999938964844,221.3899993896484,117.5899963378906,0,0,0,0,0,0,0,0,0,0,0,0,0,5000000,4200000,0,0,0,0,0,0,0,0,0,0,0,0,0,0,0,0,0,0,0,0,0,0,0,0,0,0,4200000,0,0,0,0,10641837.0,0,0,0,0,509633.1875,0,0,0,0,0,0,621.2212524414062,0,0,0,0,0,0,0,0,0,0,0,0,4344920.0,0,0,0,0,0,0,0,0,0,0,0,50.95999908447266,0,0,0,0,0,901231,0,0,0,0,0,0,0.1299999952316284,0.1299999952316284,0,0,0,0,0,0,0,0,0,0,0,0,0,0,0,0,0,0,0,0,0,0,0,0,0,0,0,0,0,0,0,0,0,0,0,0,0,0,0,0,0,0,0,0,0,0,0,0,0,0,0,0,0,0,0,0,0,0,0,0,0,0,0,0,0,0,0,0,0,0,0,0,0,0,0,0,0,0,0
600602,云赛智联,沪市,19901231,0.1156999990344048,0,0.0,0.0,0.0,7.78000020980835,0,0.0,0,0,230735952.0,0.0,149576048.0,0,0,0,0,0,0,0.0,426774144.0,0,0,0,159404416.0,0,222471120.0,0.0,0,0,0,0,0,0,0,0,0,1169004928,159404416.0,1169004928,0,0,0,0,0.0,0.0,0.0,0,0,0.0,0,0,0,335799232.0,0,0,0,0,0,0,0,536045056.0,871844288.0,0,0,0,0,0,0,0,0,297160704.0,1169004928,524643072.0,389053920.0,0.0,0.0,0.0,0,0.0,0,0,0.0,0,0,0,0,0.0,0.0,0,0,51400000.0,0.0,0,23130000.0,23130000.0,0,0,0,0,0,0,0,0,0,0,0,0,0,0,0,0,0,0,0,0,0,0,0,0,0,0,0,0,0,0,0,0,0,0,0,0,0,0,0,0,0,0,0,0,0,0,0,0,0,0,0,0,0,0,0,0,0,0,0,0,0,1.271000027656555,1.271000027656555,0.0,0.0,61.48400115966797,38.51599884033203,0,293.3919982910156,3.930000066757202,34.08000183105469,25.52000045776367,0,0,0,0,0,0,0,0,0,0,0,0,0,0,-19.23999977111816,0.0,0.0,0.0,0,0,0,0,0,5.949999809265137,0.0,0.0,74.15599822998047,0,4.409999847412109,0.0,4.408999919891357,25.84000015258789,0.0,0.0,0.0,0,51400000.0,0,0,74.58000183105469,36.50699996948242,0.0,0.0,19.0310001373291,62.64400100708008,46.95000076293945,88.48999786376953,66.25,0,0,0,0,0,0,0,0,0,0,0,0,0,200000000,49100000,0,0,0,0,0,0,0,0,0,0,0,0,0,0,0,0,0,0,0,0,0,0,0,0,0,0,49100000,0,0,0,0,297160704.0,0,0,0,0,23130000.0,0,0,0,0,0,0,52464.3046875,0,0,0,0,0,0,0,0,0,0,0,0,230735952.0,0,0,0,0,0,0,0,0,0,0,0,2313.0,0,0,0,0,0,901231,0,0,0,0,0,0,0.2599999904632568,0.2599999904632568,0,0,0,0,0,0,0,0,0,0,0,0,0,0,0,0,0,0,0,0,0,0,0,0,0,0,0,0,0,0,0,0,0,0,0,0,0,0,0,0,0,0,0,0,0,0,0,0,0,0,0,0,0,0,0,0,0,0,0,0,0,0,0,0,0,0,0,0,0,0,0,0,0,0,0,0,0,0,0
600603,ST广物,沪市,19901231,0.1766999959945679,0,0.0,0.0,0.0,16.5,0,0.0,0,0,2900134.25,0.0,18617382.0,0,0,0,0,0,0,0.0,23117928.0,0,0,0,900000.0,0,366814.84375,0.0,0,0,0,0,0,0,0,0,0,24384742,900000.0,24384742,0,0,0,0,0.0,0.0,0.0,0,0,0.0,0,0,0,16920774.0,0,0,0,0,0,0,0,0.0,16920774.0,0,0,0,0,0,0,0,0,7463967.5,24384742,6689625.0,5825292.0,0.0,0.0,0.0,0,0.0,0,0,0.0,0,0,0,0,0.0,0.0,0,0,1231255.875,0.0,0,1231255.875,1231255.875,0,0,0,0,0,0,0,0,0,0,0,0,0,0,0,0,0,0,0,0,0,0,0,0,0,0,0,0,0,0,0,0,0,0,0,0,0,0,0,0,0,0,0,0,0,0,0,0,0,0,0,0,0,0,0,0,0,0,0,0,0,1.366000056266785,1.366000056266785,0.0,0.0,0.0,100.0,0,226.6990051269531,3.269999980926514,44.11000061035156,2.170000076293945,0,0,0,0,0,0,0,0,0,0,0,0,0,0,1129.349975585938,0.0,0.0,0.0,0,0,0,0,0,21.13999938964844,0.0,0.0,87.08000183105469,0,18.40999984741211,0.0,18.40500068664551,12.92000007629395,0.0,0.0,0.0,0,1231255.875,0,0,69.38999938964844,94.80500030517578,0.0,0.0,1.503999948501587,0.0,30.61000061035156,44.11000061035156,2.170000076293945,0,0,0,0,0,0,0,0,0,0,0,0,0,0,0,0,0,0,0,0,0,0,0,0,0,0,0,0,0,0,0,0,0,0,0,0,0,0,0,0,0,0,0,0,0,0,7463967.5,0,0,0,0,1231255.875,0,0,0,0,0,0,668.9624633789062,0,0,0,0,0,0,0,0,0,0,0,0,2900134.25,0,0,0,0,0,0,0,0,0,0,0,123.129997253418,0,0,0,0,0,901231,0,0,0,0,0,0,0.0,0.0,0,0,0,0,0,0,0,0,0,0,0,0,0,0,0,0,0,0,0,0,0,0,0,0,0,0,0,0,0,0,0,0,0,0,0,0,0,0,0,0,0,0,0,0,0,0,0,0,0,0,0,0,0,0,0,0,0,0,0,0,0,0,0,0,0,0,0,0,0,0,0,0,0,0,0,0,0,0,0
600604,市北高新,沪市,19901231,0.1720999926328659,0,0.0,0.0,0.0,18.29999923706055,0,0.0,0,0,112808696.0,0.0,154027344.0,0,0,0,0,0,0,0.0,321986336.0,0,0,0,11202080.0,0,82228264.0,0.0,0,0,0,0,0,0,0,0,0,436576992,11202080.0,436576992,0,0,0,0,0.0,0.0,0.0,0,0,0.0,0,0,0,284420736.0,0,0,0,0,0,0,0,19758588.0,304179328.0,0,0,0,0,0,0,0,0,132397680.0,436576992,346714720.0,252905872.0,0.0,0.0,0.0,0,0.0,0,0,0.0,0,0,0,0,0.0,0.0,0,0,37485396.0,0.0,0,24231040.0,24231040.0,0,0,0,0,0,0,0,0,0,0,0,0,0,0,0,0,0,0,0,0,0,0,0,0,0,0,0,0,0,0,0,0,0,0,0,0,0,0,0,0,0,0,0,0,0,0,0,0,0,0,0,0,0,0,0,0,0,0,0,0,0,1.131999969482422,1.131999969482422,0.0,0.0,6.495999813079834,93.50399780273438,0,229.7469940185547,3.299999952316284,43.52999877929688,27.03000068664551,0,0,0,0,0,0,0,0,0,0,0,0,0,0,92.56999969482422,0.0,0.0,0.0,0,0,0,0,0,9.579999923706055,0.0,0.0,72.94400024414062,0,6.989999771118164,0.0,6.988999843597412,27.05999946594238,0.0,0.0,0.0,0,37485396.0,0,0,69.66999816894531,73.75199890136719,0.0,0.0,18.83499908447266,1439.47900390625,31.76000022888184,46.54999923706055,28.90999984741211,0,0,0,0,0,0,0,0,0,0,0,0,0,0,0,0,0,0,0,0,0,0,0,0,0,0,0,0,0,0,0,0,0,0,0,0,0,0,0,0,0,0,0,0,0,0,132397680.0,0,0,0,0,24231040.0,0,0,0,0,0,0,34671.46875,0,0,0,0,0,0,0,0,0,0,0,0,112808696.0,0,0,0,0,0,0,0,0,0,0,0,2423.10009765625,0,0,0,0,0,901231,0,0,0,0,0,0,0.0,0.0,0,0,0,0,0,0,0,0,0,0,0,0,0,0,0,0,0,0,0,0,0,0,0,0,0,0,0,0,0,0,0,0,0,0,0,0,0,0,0,0,0,0,0,0,0,0,0,0,0,0,0,0,0,0,0,0,0,0,0,0,0,0,0,0,0,0,0,0,0,0,0,0,0,0,0,0,0,0,0
600605,汇通能源,沪市,19901231,0.06400000303983688,0,0.0,0.0,0.0,6.820000171661377,0,0.0,0,0,87610560.0,0.0,146910320.0,0,0,0,0,0,0,0.0,256421200.0,0,0,0,16134653.0,0,66634668.0,0.0,0,0,0,0,0,0,0,0,0,359612320,16134653.0,359612320,0,0,0,0,0.0,0.0,0.0,0,0,0.0,0,0,0,194655248.0,0,0,0,0,0,0,0,19366628.0,214021872.0,0,0,0,0,0,0,0,0,145590464.0,359612320,225554016.0,155992608.0,0.0,0.0,0.0,0,0.0,0,0,0.0,0,0,0,0,0.0,0.0,0,0,30047380.0,0.0,0,9925981.0,9925981.0,0,0,0,0,0,0,0,0,0,0,0,0,0,0,0,0,0,0,0,0,0,0,0,0,0,0,0,0,0,0,0,0,0,0,0,0,0,0,0,0,0,0,0,0,0,0,0,0,0,0,0,0,0,0,0,0,0,0,0,0,0,1.317000031471252,1.317000031471252,0.0,0.0,9.048999786376953,90.95099639892578,0,147.0030059814453,2.470000028610229,68.02999877929688,31.1299991607666,0,0,0,0,0,0,0,0,0,0,0,0,0,0,0.0,0.0,0.0,0.0,0,0,0,0,0,6.360000133514404,0.0,0.0,69.16000366210938,0,4.400000095367432,0.0,4.401000022888184,30.84000015258789,0.0,0.0,0.0,0,30047380.0,0,0,59.5099983215332,71.30500030517578,0.0,0.0,18.53000068664551,1005.106994628906,42.79000091552734,74.79000091552734,34.22999954223633,0,0,0,0,0,0,0,0,0,0,0,0,0,0,0,0,0,0,0,0,0,0,0,0,0,0,0,0,0,0,0,0,0,0,0,0,0,0,0,0,0,0,0,0,0,0,145590464.0,0,0,0,0,9925981.0,0,0,0,0,0,0,22555.40234375,0,0,0,0,0,0,0,0,0,0,0,0,87610560.0,0,0,0,0,0,0,0,0,0,0,0,992.5999755859375,0,0,0,0,0,901231,0,0,0,0,0,0,0.0,0.0,0,0,0,0,0,0,0,0,0,0,0,0,0,0,0,0,0,0,0,0,0,0,0,0,0,0,0,0,0,0,0,0,0,0,0,0,0,0,0,0,0,0,0,0,0,0,0,0,0,0,0,0,0,0,0,0,0,0,0,0,0,0,0,0,0,0,0,0,0,0,0,0,0,0,0,0,0,0,0
600606,绿地控股,沪市,19901231,0.2360000014305115,0,0.0,0.0,0.0,23.72999954223633,0,0.0,0,0,36369768.0,0.0,71843872.0,0,0,0,0,0,0,0.0,122733040.0,0,0,0,17601932.0,0,49453388.0,0.0,0,0,0,0,0,0,0,0,0,200430608,17601932.0,200430608,0,0,0,0,0.0,0.0,0.0,0,0,0.0,0,0,0,111988208.0,0,0,0,0,0,0,0,29658052.0,141646256.0,0,0,0,0,0,0,0,0,58784344.0,200430608,159353360.0,105096528.0,0.0,0.0,0.0,0,0.0,0,0,0.0,0,0,0,0,0.0,0.0,0,0,20584888.0,0.0,0,13952338.0,13952338.0,0,0,0,0,0,0,0,0,0,0,0,0,0,0,0,0,0,0,0,0,0,0,0,0,0,0,0,0,0,0,0,0,0,0,0,0,0,0,0,0,0,0,0,0,0,0,0,0,0,0,0,0,0,0,0,0,0,0,0,0,0,1.095999956130981,1.095999956130981,0.0,0.0,20.9379997253418,79.06199645996094,0,240.9589996337891,3.410000085830688,41.5,34.90999984741211,0,0,0,0,0,0,0,0,0,0,0,0,0,0,32.75,0.0,0.0,0.0,0,0,0,0,0,13.27999973297119,0.0,0.0,65.9520034790039,0,8.760000228881836,0.0,8.755999565124512,34.04999923706055,0.0,0.0,0.0,0,20584888.0,0,0,70.66999816894531,61.23500061035156,0.0,0.0,24.67399978637695,377.5979919433594,34.41999816894531,52.4900016784668,44.15999984741211,0,0,0,0,0,0,0,0,0,0,0,0,0,0,0,0,0,0,0,0,0,0,0,0,0,0,0,0,0,0,0,0,0,0,0,0,0,0,0,0,0,0,0,0,0,0,58784344.0,0,0,0,0,13952338.0,0,0,0,0,0,0,15935.3349609375,0,0,0,0,0,0,0,0,0,0,0,0,36369768.0,0,0,0,0,0,0,0,0,0,0,0,1395.22998046875,0,0,0,0,0,901231,0,0,0,0,0,0,0.0,0.0,0,0,0,0,0,0,0,0,0,0,0,0,0,0,0,0,0,0,0,0,0,0,0,0,0,0,0,0,0,0,0,0,0,0,0,0,0,0,0,0,0,0,0,0,0,0,0,0,0,0,0,0,0,0,0,0,0,0,0,0,0,0,0,0,0,0,0,0,0,0,0,0,0,0,0,0,0,0,0
600608,*ST沪科,沪市,19901231,0.0,0,0.0,0.0,0.0,7.46999979019165,0,0.0,0,0,13434121.0,0.0,16388152.0,0,0,0,0,0,0,0.0,31365718.0,0,0,0,3053854.5,0,13810124.0,0.0,0,0,0,0,0,0,0,0,0,52937132,3053854.5,52937132,0,0,0,0,0.0,0.0,0.0,0,0,0.0,0,0,0,16506216.0,0,0,0,0,0,0,0,12729869.0,29236084.0,0,0,0,0,0,0,0,0,23701048.0,52937132,49045832.0,37506408.0,0.0,0.0,0.0,0,0.0,0,0,0.0,0,0,0,0,0.0,0.0,0,0,7187440.5,0.0,0,1771140.75,1771140.75,0,0,0,0,0,0,0,0,0,0,0,0,0,0,0,0,0,0,0,0,0,0,0,0,0,0,0,0,0,0,0,0,0,0,0,0,0,0,0,0,0,0,0,0,0,0,0,0,0,0,0,0,0,0,0,0,0,0,0,0,0,1.899999976158142,1.899999976158142,0.0,0.0,43.54199981689453,56.45800018310547,0,123.3539962768555,2.230000019073486,81.06999969482422,47.2400016784668,0,0,0,0,0,0,0,0,0,0,0,0,0,0,0.0,0.0,0.0,0.0,0,0,0,0,0,4.71999979019165,0.0,0.0,76.47200012207031,0,3.609999895095825,0.0,3.611000061035156,23.53000068664551,0.0,0.0,0.0,0,7187440.5,0,0,55.22999954223633,59.25099945068359,0.0,0.0,26.08799934387207,129.6649932861328,58.95000076293945,143.5899963378906,83.66999816894531,0,0,0,0,0,0,0,0,0,0,0,0,0,0,0,0,0,0,0,0,0,0,0,0,0,0,0,0,0,0,0,0,0,0,0,0,0,0,0,0,0,0,0,0,0,0,23701048.0,0,0,0,0,1771140.75,0,0,0,0,0,0,4904.58349609375,0,0,0,0,0,0,0,0,0,0,0,0,13434121.0,0,0,0,0,0,0,0,0,0,0,0,177.1100006103516,0,0,0,0,0,901231,0,0,0,0,0,0,0.0,0.0,0,0,0,0,0,0,0,0,0,0,0,0,0,0,0,0,0,0,0,0,0,0,0,0,0,0,0,0,0,0,0,0,0,0,0,0,0,0,0,0,0,0,0,0,0,0,0,0,0,0,0,0,0,0,0,0,0,0,0,0,0,0,0,0,0,0,0,0,0,0,0,0,0,0,0,0,0,0,0
600609,金杯汽车,沪市,19901231,0.03319999948143959,0,0.0,0.0,0.0,2.269999980926514,0,0.0,0,0,765907968.0,0.0,771452032.0,0,0,0,0,0,0,0.0,1647747968.0,0,0,0,31218000.0,0,500644000.0,0.0,0,0,0,0,0,0,0,0,0,2356659968,31218000.0,2356659968,0,0,0,0,0.0,0.0,0.0,0,0,0.0,0,0,0,1230460032.0,0,0,0,0,0,0,0,278104992.0,1508564992.0,0,0,0,0,0,0,0,0,848094976.0,2356659968,911955008.0,753841024.0,0.0,0.0,0.0,0,0.0,0,0,0.0,0,0,0,0,0.0,0.0,0,0,33270000.0,0.0,0,19281000.0,19281000.0,0,0,0,0,0,0,0,0,0,0,0,0,0,0,0,0,0,0,0,0,0,0,0,0,0,0,0,0,0,0,0,0,0,0,0,0,0,0,0,0,0,0,0,0,0,0,0,0,0,0,0,0,0,0,0,0,0,0,0,0,0,1.33899998664856,1.33899998664856,0.0,0.0,18.43499946594238,81.56500244140625,0,177.8769989013672,2.779999971389771,56.22000122070312,33.18999862670898,0,0,0,0,0,0,0,0,0,0,0,0,0,0,-65.55999755859375,0.0,0.0,0.0,0,0,0,0,0,2.559999942779541,0.0,0.0,82.66200256347656,0,2.109999895095825,0.0,2.114000082015991,17.34000015258789,0.0,0.0,0.0,0,33270000.0,0,0,64.01000213623047,69.91899871826172,0.0,0.0,21.24399948120117,442.4440002441406,40.79999923706055,68.93000030517578,40.68999862670898,0,0,0,0,0,0,0,0,0,0,0,0,0,0,0,0,0,0,0,0,0,0,0,0,0,0,0,0,0,0,0,0,0,0,0,0,0,0,0,0,0,0,0,0,0,0,848094976.0,0,0,0,0,19281000.0,0,0,0,0,0,0,91195.5,0,0,0,0,0,0,0,0,0,0,0,0,765907968.0,0,0,0,0,0,0,0,0,0,0,0,1928.099975585938,0,0,0,0,0,901231,0,0,0,0,0,0,0.0,0.0,0,0,0,0,0,0,0,0,0,0,0,0,0,0,0,0,0,0,0,0,0,0,0,0,0,0,0,0,0,0,0,0,0,0,0,0,0,0,0,0,0,0,0,0,0,0,0,0,0,0,0,0,0,0,0,0,0,0,0,0,0,0,0,0,0,0,0,0,0,0,0,0,0,0,0,0,0,0,0
600610,中毅达,沪市,19901231,0.08169999718666077,0,0.0,0.0,0.0,16.86000061035156,0,0.0,0,0,20464668.0,0.0,102320008.0,0,0,0,0,0,0,0.0,127299064.0,0,0,0,8298489.5,0,89118904.0,0.0,0,0,0,0,0,0,0,0,0,244523040,8298489.5,244523040,0,0,0,0,0.0,0.0,0.0,0,0,0.0,0,0,0,106154760.0,0,0,0,0,0,0,0,37051544.0,143206304.0,0,0,0,0,0,0,0,0,101316736.0,244523040,200205328.0,132271776.0,0.0,0.0,0.0,0,0.0,0,0,0.0,0,0,0,0,0.0,0.0,0,0,30343068.0,0.0,0,17077968.0,17077968.0,0,0,0,0,0,0,0,0,0,0,0,0,0,0,0,0,0,0,0,0,0,0,0,0,0,0,0,0,0,0,0,0,0,0,0,0,0,0,0,0,0,0,0,0,0,0,0,0,0,0,0,0,0,0,0,0,0,0,0,0,0,1.199000000953674,1.199000000953674,0.0,0.0,25.87299919128418,74.12699890136719,0,141.3450012207031,2.410000085830688,70.75,62.22999954223633,0,0,0,0,0,0,0,0,0,0,0,0,0,0,-27.69000053405762,0.0,0.0,0.0,0,0,0,0,0,12.90999984741211,0.0,0.0,66.06800079345703,0,8.529999732971191,0.0,8.529999732971191,33.93000030517578,0.0,0.0,0.0,0,30343068.0,0,0,58.56999969482422,52.06000137329102,0.0,0.0,36.44599914550781,286.5060119628906,48.83000183105469,95.44000244140625,83.94999694824219,0,0,0,0,0,0,0,0,0,0,0,0,0,0,0,0,0,0,0,0,0,0,0,0,0,0,0,0,0,0,0,0,0,0,0,0,0,0,0,0,0,0,0,0,0,0,101316736.0,0,0,0,0,17077968.0,0,0,0,0,0,0,20020.533203125,0,0,0,0,0,0,0,0,0,0,0,0,20464668.0,0,0,0,0,0,0,0,0,0,0,0,1707.800048828125,0,0,0,0,0,901231,0,0,0,0,0,0,0.0,0.0,0,0,0,0,0,0,0,0,0,0,0,0,0,0,0,0,0,0,0,0,0,0,0,0,0,0,0,0,0,0,0,0,0,0,0,0,0,0,0,0,0,0,0,0,0,0,0,0,0,0,0,0,0,0,0,0,0,0,0,0,0,0,0,0,0,0,0,0,0,0,0,0,0,0,0,0,0,0,0
600611,XD大众交,沪市,19901231,0.02999999932944775,0,0.0,0.0,0.0,11.36999988555908,0,0.0,0,0,3009790.5,0.0,3350983.25,0,0,0,0,0,0,0.0,9853289.0,0,0,0,0.0,0,106928816.0,0.0,0,0,0,0,0,0,0,0,0,117285608,0.0,117285608,0,0,0,0,0.0,0.0,0.0,0,0,0.0,0,0,0,3712930.75,0,0,0,0,0,0,0,90921600.0,94634528.0,0,0,0,0,0,0,0,0,22651076.0,117285608,61731012.0,34967204.0,0.0,0.0,0.0,0,0.0,0,0,0.0,0,0,0,0,0.0,0.0,0,0,0.0,0.0,0,2576505.25,2576505.25,0,0,0,0,0,0,0,0,0,0,0,0,0,0,0,0,0,0,0,0,0,0,0,0,0,0,0,0,0,0,0,0,0,0,0,0,0,0,0,0,0,0,0,0,0,0,0,0,0,0,0,0,0,0,0,0,0,0,0,0,0,2.654000043869019,2.654000043869019,0.0,0.0,96.0770034790039,3.92300009727478,0,417.7929992675781,5.179999828338623,23.94000053405762,112.9899978637695,0,0,0,0,0,0,0,0,0,0,0,0,0,0,-48.70999908447266,0.0,0.0,0.0,0,0,0,0,0,7.369999885559082,0.0,0.0,56.64400100708008,0,4.170000076293945,0.0,4.173999786376953,43.36000061035156,0.0,0.0,0.0,0,0.0,0,0,80.69000244140625,8.401000022888184,0.0,0.0,91.16999816894531,4.084000110626221,85.91999816894531,610.0599975585938,2879.89990234375,0,0,0,0,0,0,0,0,0,0,0,0,0,0,0,0,0,0,0,0,0,0,0,0,0,0,0,0,0,0,0,0,0,0,0,0,0,0,0,0,0,0,0,0,0,0,22651076.0,0,0,0,0,2576505.25,0,0,0,0,0,0,6173.10107421875,0,0,0,0,0,0,0,0,0,0,0,0,3009790.5,0,0,0,0,0,0,0,0,0,0,0,257.6499938964844,0,0,0,0,0,901231,0,0,0,0,0,0,0.0,0.0,0,0,0,0,0,0,0,0,0,0,0,0,0,0,0,0,0,0,0,0,0,0,0,0,0,0,0,0,0,0,0,0,0,0,0,0,0,0,0,0,0,0,0,0,0,0,0,0,0,0,0,0,0,0,0,0,0,0,0,0,0,0,0,0,0,0,0,0,0,0,0,0,0,0,0,0,0,0,0
600612,老凤祥,沪市,19901231,0.05099999904632568,0,0.0,0.0,0.0,17.76000022888184,0,0.0,0,0,11235762.0,0.0,11430128.0,0,0,0,0,0,0,0.0,25982254.0,0,0,0,1545000.0,0,12090372.0,0.0,0,0,0,0,0,0,0,0,0,42948188,1545000.0,42948188,0,0,0,0,0.0,0.0,0.0,0,0,0.0,0,0,0,20728020.0,0,0,0,0,0,0,0,3850000.0,24578020.0,0,0,0,0,0,0,0,0,18370168.0,42948188,63722020.0,40666084.0,0.0,0.0,0.0,0,0.0,0,0,0.0,0,0,0,0,0.0,0.0,0,0,9093005.0,0.0,0,3262113.75,3262113.75,0,0,0,0,0,0,0,0,0,0,0,0,0,0,0,0,0,0,0,0,0,0,0,0,0,0,0,0,0,0,0,0,0,0,0,0,0,0,0,0,0,0,0,0,0,0,0,0,0,0,0,0,0,0,0,0,0,0,0,0,0,1.253000020980835,1.253000020980835,0.0,0.0,15.66399955749512,84.33599853515625,0,133.7929992675781,2.339999914169312,74.73999786376953,49.18999862670898,0,0,0,0,0,0,0,0,0,0,0,0,0,0,6.570000171661377,0.0,0.0,0.0,0,0,0,0,0,8.020000457763672,0.0,0.0,63.81800079345703,0,5.119999885559082,0.0,5.11899995803833,36.18000030517578,0.0,0.0,0.0,0,9093005.0,0,0,57.22999954223633,60.49700164794922,0.0,0.0,28.15099906921387,538.3900146484375,46.97999954223633,88.62000274658203,58.33000183105469,0,0,0,0,0,0,0,0,0,0,0,0,0,0,0,0,0,0,0,0,0,0,0,0,0,0,0,0,0,0,0,0,0,0,0,0,0,0,0,0,0,0,0,0,0,0,18370168.0,0,0,0,0,3262113.75,0,0,0,0,0,0,6372.2021484375,0,0,0,0,0,0,0,0,0,0,0,0,11235762.0,0,0,0,0,0,0,0,0,0,0,0,326.2099914550781,0,0,0,0,0,901231,0,0,0,0,0,0,0.0,0.0,0,0,0,0,0,0,0,0,0,0,0,0,0,0,0,0,0,0,0,0,0,0,0,0,0,0,0,0,0,0,0,0,0,0,0,0,0,0,0,0,0,0,0,0,0,0,0,0,0,0,0,0,0,0,0,0,0,0,0,0,0,0,0,0,0,0,0,0,0,0,0,0,0,0,0,0,0,0,0
600613,神奇制药,沪市,19901231,0.09889999777078629,0,0.0,0.0,0.0,28.1299991607666,0,0.0,0,0,45150200.0,0.0,21281264.0,0,0,0,0,0,0,0.0,72067616.0,0,0,0,3462973.5,0,7072372.5,0.0,0,0,0,0,0,0,0,0,0,91597008,3462973.5,91597008,0,0,0,0,0.0,0.0,0.0,0,0,0.0,0,0,0,57141324.0,0,0,0,0,0,0,0,5977788.5,63119116.0,0,0,0,0,0,0,0,0,28477894.0,91597008,124073504.0,82302016.0,0.0,0.0,0.0,0,0.0,0,0,0.0,0,0,0,0,0.0,0.0,0,0,20336730.0,0.0,0,8012029.0,8012029.0,0,0,0,0,0,0,0,0,0,0,0,0,0,0,0,0,0,0,0,0,0,0,0,0,0,0,0,0,0,0,0,0,0,0,0,0,0,0,0,0,0,0,0,0,0,0,0,0,0,0,0,0,0,0,0,0,0,0,0,0,0,1.261000037193298,1.261000037193298,0.0,0.0,9.470999717712402,90.52899932861328,0,221.6419982910156,3.220000028610229,45.11999893188477,11.19999980926514,0,0,0,0,0,0,0,0,0,0,0,0,0,0,-6.070000171661377,0.0,0.0,0.0,0,0,0,0,0,9.729999542236328,0.0,0.0,66.33300018310547,0,6.460000038146973,0.0,6.456999778747559,33.66999816894531,0.0,0.0,0.0,0,20336730.0,0,0,68.91000366210938,78.67900085449219,0.0,0.0,7.721000194549561,955.8939819335938,33.2599983215332,49.84000015258789,12.38000011444092,0,0,0,0,0,0,0,0,0,0,0,0,0,0,0,0,0,0,0,0,0,0,0,0,0,0,0,0,0,0,0,0,0,0,0,0,0,0,0,0,0,0,0,0,0,0,28477894.0,0,0,0,0,8012029.0,0,0,0,0,0,0,12407.3505859375,0,0,0,0,0,0,0,0,0,0,0,0,45150200.0,0,0,0,0,0,0,0,0,0,0,0,801.2000122070312,0,0,0,0,0,901231,0,0,0,0,0,0,0.0,0.0,0,0,0,0,0,0,0,0,0,0,0,0,0,0,0,0,0,0,0,0,0,0,0,0,0,0,0,0,0,0,0,0,0,0,0,0,0,0,0,0,0,0,0,0,0,0,0,0,0,0,0,0,0,0,0,0,0,0,0,0,0,0,0,0,0,0,0,0,0,0,0,0,0,0,0,0,0,0,0
600615,丰华股份,沪市,19901231,0.1099999994039536,0,0.0,0.0,0.0,23.97999954223633,0,0.0,0,0,22099460.0,0.0,25882778.0,0,0,0,0,0,0,0.0,48927828.0,0,0,0,2441718.5,0,12520281.0,0.0,0,0,0,0,0,0,0,0,0,83021544,2441718.5,83021544,0,0,0,0,0.0,0.0,0.0,0,0,0.0,0,0,0,57003272.0,0,0,0,0,0,0,0,0.0,57003272.0,0,0,0,0,0,0,0,0,26018276.0,83021544,92249288.0,66000976.0,0.0,0.0,0.0,0,0.0,0,0,0.0,0,0,0,0,0.0,0.0,0,0,13414522.0,0.0,0,6239524.5,6239524.5,0,0,0,0,0,0,0,0,0,0,0,0,0,0,0,0,0,0,0,0,0,0,0,0,0,0,0,0,0,0,0,0,0,0,0,0,0,0,0,0,0,0,0,0,0,0,0,0,0,0,0,0,0,0,0,0,0,0,0,0,0,0.8579999804496765,0.8579999804496765,0.0,0.0,0.0,100.0,0,219.0890045166016,3.190000057220459,45.63999938964844,21.95999908447266,0,0,0,0,0,0,0,0,0,0,0,0,0,0,-3.619999885559082,0.0,0.0,0.0,0,0,0,0,0,9.449999809265137,0.0,0.0,71.5459976196289,0,6.760000228881836,0.0,6.763999938964844,28.45000076293945,0.0,0.0,0.0,0,13414522.0,0,0,68.66000366210938,58.93399810791016,0.0,0.0,15.08100032806396,0.0,31.34000015258789,45.63999938964844,21.95999908447266,0,0,0,0,0,0,0,0,0,0,0,0,0,0,0,0,0,0,0,0,0,0,0,0,0,0,0,0,0,0,0,0,0,0,0,0,0,0,0,0,0,0,0,0,0,0,26018276.0,0,0,0,0,6239524.5,0,0,0,0,0,0,9224.9287109375,0,0,0,0,0,0,0,0,0,0,0,0,22099460.0,0,0,0,0,0,0,0,0,0,0,0,623.9500122070312,0,0,0,0,0,901231,0,0,0,0,0,0,0.0,0.0,0,0,0,0,0,0,0,0,0,0,0,0,0,0,0,0,0,0,0,0,0,0,0,0,0,0,0,0,0,0,0,0,0,0,0,0,0,0,0,0,0,0,0,0,0,0,0,0,0,0,0,0,0,0,0,0,0,0,0,0,0,0,0,0,0,0,0,0,0,0,0,0,0,0,0,0,0,0,0
600616,金枫酒业,沪市,19901231,0.1375000029802322,0,0.0,0.0,0.0,51.13999938964844,0,0.0,0,0,3647362.5,0.0,7704569.5,0,0,0,0,0,0,0.0,13151776.0,0,0,0,572410.0,0,1977677.875,0.0,0,0,0,0,0,0,0,0,0,15766383,572410.0,15766383,0,0,0,0,0.0,0.0,0.0,0,0,0.0,0,0,0,8133017.0,0,0,0,0,0,0,0,0.0,8133017.0,0,0,0,0,0,0,0,0,7633366.5,15766383,123618928.0,106170592.0,0.0,0.0,0.0,0,0.0,0,0,0.0,0,0,0,0,0.0,0.0,0,0,6991582.5,0.0,0,3904081.25,3904081.25,0,0,0,0,0,0,0,0,0,0,0,0,0,0,0,0,0,0,0,0,0,0,0,0,0,0,0,0,0,0,0,0,0,0,0,0,0,0,0,0,0,0,0,0,0,0,0,0,0,0,0,0,0,0,0,0,0,0,0,0,0,1.616999983787537,1.616999983787537,0.0,0.0,0.0,100.0,0,106.5459976196289,2.069999933242798,93.86000061035156,24.31999969482422,0,0,0,0,0,0,0,0,0,0,0,0,0,0,-13.6899995803833,0.0,0.0,0.0,0,0,0,0,0,3.680000066757202,0.0,0.0,85.88500213623047,0,3.160000085830688,0.0,3.157999992370605,14.10999965667725,0.0,0.0,0.0,0,6991582.5,0,0,51.58000183105469,83.41699981689453,0.0,0.0,12.54399967193604,0.0,48.41999816894531,93.86000061035156,24.31999969482422,0,0,0,0,0,0,0,0,0,0,0,0,0,0,0,0,0,0,0,0,0,0,0,0,0,0,0,0,0,0,0,0,0,0,0,0,0,0,0,0,0,0,0,0,0,0,7633366.5,0,0,0,0,3904081.25,0,0,0,0,0,0,12361.892578125,0,0,0,0,0,0,0,0,0,0,0,0,3647362.5,0,0,0,0,0,0,0,0,0,0,0,390.4100036621094,0,0,0,0,0,901231,0,0,0,0,0,0,0.0,0.0,0,0,0,0,0,0,0,0,0,0,0,0,0,0,0,0,0,0,0,0,0,0,0,0,0,0,0,0,0,0,0,0,0,0,0,0,0,0,0,0,0,0,0,0,0,0,0,0,0,0,0,0,0,0,0,0,0,0,0,0,0,0,0,0,0,0,0,0,0,0,0,0,0,0,0,0,0,0,0
600617,国新能源,沪市,19901231,0.3303999900817871,0,0.0,0.0,0.0,-0.2179999947547913,0,0.0,0,0,28102332.0,0.0,26679144.0,0,0,0,0,0,0,0.0,101796400.0,0,0,0,0.0,0,71140360.0,0.0,0,0,0,0,0,0,0,0,0,17947674,0.0,17947674,0,0,0,0,0.0,0.0,0.0,0,0,0.0,0,0,0,76600808.0,0,0,0,0,0,0,0,51663464.0,128264264.0,0,0,0,0,0,0,0,0,-110316592.0,17947674,127833688.0,75877144.0,0.0,0.0,0.0,0,0.0,0,0,0.0,0,0,0,0,0.0,0.0,0,0,24084866.0,0.0,0,24084866.0,24084866.0,0,0,0,0,0,0,0,0,0,0,0,0,0,0,0,0,0,0,0,0,0,0,0,0,0,0,0,0,0,0,0,0,0,0,0,0,0,0,0,0,0,0,0,0,0,0,0,0,0,0,0,0,0,0,0,0,0,0,0,0,0,1.328999996185303,1.328999996185303,0.0,0.0,40.27899932861328,59.72100067138672,0,-116.2689971923828,-0.1599999964237213,-86.01000213623047,55.45999908447266,0,0,0,0,0,0,0,0,0,0,0,0,0,0,0.0,0.0,0.0,0.0,0,0,0,0,0,31.73999977111816,0.0,0.0,59.35599899291992,0,18.84000015258789,0.0,18.84099960327148,40.63999938964844,0.0,0.0,0.0,0,24084866.0,0,0,714.6599731445312,567.1840209960938,0.0,0.0,396.3760070800781,148.2689971923828,327.2000122070312,-144.0099945068359,92.87000274658203,0,0,0,0,0,0,0,0,0,0,0,0,0,0,0,0,0,0,0,0,0,0,0,0,0,0,0,0,0,0,0,0,0,0,0,0,0,0,0,0,0,0,0,0,0,0,-110316592.0,0,0,0,0,24084866.0,0,0,0,0,0,0,12783.369140625,0,0,0,0,0,0,0,0,0,0,0,0,28102332.0,0,0,0,0,0,0,0,0,0,0,0,2408.489990234375,0,0,0,0,0,901231,0,0,0,0,0,0,0.0,0.0,0,0,0,0,0,0,0,0,0,0,0,0,0,0,0,0,0,0,0,0,0,0,0,0,0,0,0,0,0,0,0,0,0,0,0,0,0,0,0,0,0,0,0,0,0,0,0,0,0,0,0,0,0,0,0,0,0,0,0,0,0,0,0,0,0,0,0,0,0,0,0,0,0,0,0,0,0,0,0
600618,氯碱化工,沪市,19901231,0.0272000003606081,0,0.0,0.0,0.0,17.5,0,0.0,0,0,47557112.0,0.0,49077484.0,0,0,0,0,0,0,0.0,102673816.0,0,0,0,12726600.0,0,69242960.0,0.0,0,0,0,0,0,0,0,0,0,221209360,12726600.0,221209360,0,0,0,0,0.0,0.0,0.0,0,0,0.0,0,0,0,77293672.0,0,0,0,0,0,0,0,14500000.0,91793672.0,0,0,0,0,0,0,0,0,129415688.0,221209360,365126624.0,255059776.0,0.0,0.0,0.0,0,0.0,0,0,0.0,0,0,0,0,0.0,0.0,0,0,54217040.0,0.0,0,22651488.0,22651488.0,0,0,0,0,0,0,0,0,0,0,0,0,0,0,0,0,0,0,0,0,0,0,0,0,0,0,0,0,0,0,0,0,0,0,0,0,0,0,0,0,0,0,0,0,0,0,0,0,0,0,0,0,0,0,0,0,0,0,0,0,0,1.327999949455261,1.327999949455261,0.0,0.0,15.79599952697754,84.2040023803711,0,70.92900085449219,1.710000038146973,140.9900054931641,75.43000030517578,0,0,0,0,0,0,0,0,0,0,0,0,0,0,25.90999984741211,0.0,0.0,0.0,0,0,0,0,0,8.880000114440918,0.0,0.0,69.8550033569336,0,6.199999809265137,0.0,6.203999996185303,30.13999938964844,0.0,0.0,0.0,0,54217040.0,0,0,41.5,46.41500091552734,0.0,0.0,31.30200004577637,533.0599975585938,62.61000061035156,167.4299926757812,89.58000183105469,0,0,0,0,0,0,0,0,0,0,0,0,0,0,0,0,0,0,0,0,0,0,0,0,0,0,0,0,0,0,0,0,0,0,0,0,0,0,0,0,0,0,0,0,0,0,129415688.0,0,0,0,0,22651488.0,0,0,0,0,0,0,36512.66015625,0,0,0,0,0,0,0,0,0,0,0,0,47557112.0,0,0,0,0,0,0,0,0,0,0,0,2265.14990234375,0,0,0,0,0,901231,0,0,0,0,0,0,0.0,0.0,0,0,0,0,0,0,0,0,0,0,0,0,0,0,0,0,0,0,0,0,0,0,0,0,0,0,0,0,0,0,0,0,0,0,0,0,0,0,0,0,0,0,0,0,0,0,0,0,0,0,0,0,0,0,0,0,0,0,0,0,0,0,0,0,0,0,0,0,0,0,0,0,0,0,0,0,0,0,0
600619,海立股份,沪市,19901231,0.2203000038862228,0,0.0,0.0,0.0,74.81999969482422,0,0.0,0,0,6638196.0,0.0,90166824.0,0,0,0,0,0,0,0.0,116202152.0,0,0,0,3224360.0,0,40515712.0,0.0,0,0,0,0,0,0,0,0,0,176440480,3224360.0,176440480,0,0,0,0,0.0,0.0,0.0,0,0,0.0,0,0,0,36658276.0,0,0,0,0,0,0,0,89765112.0,126423384.0,0,0,0,0,0,0,0,0,50017096.0,176440480,126787448.0,69732432.0,0.0,0.0,0.0,0,0.0,0,0,0.0,0,0,0,0,0.0,0.0,0,0,40001096.0,0.0,0,37423280.0,37423280.0,0,0,0,0,0,0,0,0,0,0,0,0,0,0,0,0,0,0,0,0,0,0,0,0,0,0,0,0,0,0,0,0,0,0,0,0,0,0,0,0,0,0,0,0,0,0,0,0,0,0,0,0,0,0,0,0,0,0,0,0,0,3.170000076293945,3.170000076293945,0.0,0.0,71.00399780273438,28.99600028991699,0,252.7599945068359,3.529999971389771,39.56000137329102,32.04999923706055,0,0,0,0,0,0,0,0,0,0,0,0,0,0,27.03000068664551,0.0,0.0,0.0,0,0,0,0,0,53.66999816894531,0.0,0.0,54.99900054931641,0,29.52000045776367,0.0,29.51700019836426,45.0,0.0,0.0,0.0,0,40001096.0,0,0,71.6500015258789,65.85900115966797,0.0,0.0,22.96299934387207,40.8380012512207,57.70999908447266,136.4400024414062,110.5199966430664,0,0,0,0,0,0,0,0,0,0,0,0,0,0,0,0,0,0,0,0,0,0,0,0,0,0,0,0,0,0,0,0,0,0,0,0,0,0,0,0,0,0,0,0,0,0,50017096.0,0,0,0,0,37423280.0,0,0,0,0,0,0,12678.744140625,0,0,0,0,0,0,0,0,0,0,0,0,6638196.0,0,0,0,0,0,0,0,0,0,0,0,3742.330078125,0,0,0,0,0,901231,0,0,0,0,0,0,0.0,0.0,0,0,0,0,0,0,0,0,0,0,0,0,0,0,0,0,0,0,0,0,0,0,0,0,0,0,0,0,0,0,0,0,0,0,0,0,0,0,0,0,0,0,0,0,0,0,0,0,0,0,0,0,0,0,0,0,0,0,0,0,0,0,0,0,0,0,0,0,0,0,0,0,0,0,0,0,0,0,0
600620,天宸股份,沪市,19901231,0.005799999926239252,0,0.0,0.0,0.0,16.63999938964844,0,0.0,0,0,1108323.375,0.0,997821.6875,0,0,0,0,0,0,0.0,2785989.25,0,0,0,0.0,0,487779.65625,0.0,0,0,0,0,0,0,0,0,0,3273769,0.0,3273769,0,0,0,0,0.0,0.0,0.0,0,0,0.0,0,0,0,1611216.5,0,0,0,0,0,0,0,0.0,1611216.5,0,0,0,0,0,0,0,0,1662552.5,3273769,8735270.0,7897336.0,0.0,0.0,0.0,0,0.0,0,0,0.0,0,0,0,0,0.0,0.0,0,0,276622.75,0.0,0,276622.75,276622.75,0,0,0,0,0,0,0,0,0,0,0,0,0,0,0,0,0,0,0,0,0,0,0,0,0,0,0,0,0,0,0,0,0,0,0,0,0,0,0,0,0,0,0,0,0,0,0,0,0,0,0,0,0,0,0,0,0,0,0,0,0,1.728999972343445,1.728999972343445,0.0,0.0,0.0,100.0,0,96.91200256347656,1.970000028610229,103.1900024414062,30.27000045776367,0,0,0,0,0,0,0,0,0,0,0,0,0,0,0.0,0.0,0.0,0.0,0,0,0,0,0,3.5,0.0,0.0,90.40699768066406,0,3.170000076293945,0.0,3.16700005531311,9.59000015258789,0.0,0.0,0.0,0,276622.75,0,0,49.22000122070312,85.0999984741211,0.0,0.0,14.89999961853027,0.0,50.77999877929688,103.1900024414062,30.27000045776367,0,0,0,0,0,0,0,0,0,0,0,0,0,0,0,0,0,0,0,0,0,0,0,0,0,0,0,0,0,0,0,0,0,0,0,0,0,0,0,0,0,0,0,0,0,0,1662552.5,0,0,0,0,276622.75,0,0,0,0,0,0,873.5269775390625,0,0,0,0,0,0,0,0,0,0,0,0,1108323.375,0,0,0,0,0,0,0,0,0,0,0,27.65999984741211,0,0,0,0,0,901231,0,0,0,0,0,0,0.0,0.0,0,0,0,0,0,0,0,0,0,0,0,0,0,0,0,0,0,0,0,0,0,0,0,0,0,0,0,0,0,0,0,0,0,0,0,0,0,0,0,0,0,0,0,0,0,0,0,0,0,0,0,0,0,0,0,0,0,0,0,0,0,0,0,0,0,0,0,0,0,0,0,0,0,0,0,0,0,0,0
600621,华鑫股份,沪市,19901231,0.08699999749660492,0,0.0,0.0,0.0,15.05000019073486,0,0.0,0,0,44461808.0,0.0,33986936.0,0,0,0,0,0,0,0.0,91760704.0,0,0,0,3096878.0,0,19400024.0,0.0,0,0,0,0,0,0,0,0,0,120367624,3096878.0,120367624,0,0,0,0,0.0,0.0,0.0,0,0,0.0,0,0,0,85009320.0,0,0,0,0,0,0,0,5863397.0,90872720.0,0,0,0,0,0,0,0,0,29494902.0,120367624,115284584.0,92468656.0,0.0,0.0,0.0,0,0.0,0,0,0.0,0,0,0,0,0.0,0.0,0,0,9830714.0,0.0,0,4438651.5,4438651.5,0,0,0,0,0,0,0,0,0,0,0,0,0,0,0,0,0,0,0,0,0,0,0,0,0,0,0,0,0,0,0,0,0,0,0,0,0,0,0,0,0,0,0,0,0,0,0,0,0,0,0,0,0,0,0,0,0,0,0,0,0,1.078999996185303,1.078999996185303,0.0,0.0,6.452000141143799,93.5479965209961,0,308.0960083007812,4.079999923706055,32.45999908447266,21.35000038146973,0,0,0,0,0,0,0,0,0,0,0,0,0,0,0.0,0.0,0.0,0.0,0,0,0,0,0,4.800000190734863,0.0,0.0,80.20899963378906,0,3.849999904632568,0.0,3.849999904632568,19.79000091552734,0.0,0.0,0.0,0,9830714.0,0,0,75.5,76.23400115966797,0.0,0.0,16.11700057983398,1449.8310546875,25.76000022888184,34.70000076293945,22.81999969482422,0,0,0,0,0,0,0,0,0,0,0,0,0,0,0,0,0,0,0,0,0,0,0,0,0,0,0,0,0,0,0,0,0,0,0,0,0,0,0,0,0,0,0,0,0,0,29494902.0,0,0,0,0,4438651.5,0,0,0,0,0,0,11528.458984375,0,0,0,0,0,0,0,0,0,0,0,0,44461808.0,0,0,0,0,0,0,0,0,0,0,0,443.8699951171875,0,0,0,0,0,901231,0,0,0,0,0,0,0.0,0.0,0,0,0,0,0,0,0,0,0,0,0,0,0,0,0,0,0,0,0,0,0,0,0,0,0,0,0,0,0,0,0,0,0,0,0,0,0,0,0,0,0,0,0,0,0,0,0,0,0,0,0,0,0,0,0,0,0,0,0,0,0,0,0,0,0,0,0,0,0,0,0,0,0,0,0,0,0,0,0
600622,光大嘉宝,沪市,19901231,0.1773000061511993,0,0.0,0.0,0.0,87.94999694824219,0,0.0,0,0,18721134.0,0.0,40720920.0,0,0,0,0,0,0,0.0,67414880.0,0,0,0,2135597.25,0,80289720.0,0.0,0,0,0,0,0,0,0,0,0,156828784,2135597.25,156828784,0,0,0,0,0.0,0.0,0.0,0,0,0.0,0,0,0,47964836.0,0,0,0,0,0,0,0,90568288.0,138533120.0,0,0,0,0,0,0,0,0,18295660.0,156828784,205314832.0,166688320.0,0.0,0.0,0.0,0,0.0,0,0,0.0,0,0,0,0,0.0,0.0,0,0,25654238.0,0.0,0,16091551.0,16091551.0,0,0,0,0,0,0,0,0,0,0,0,0,0,0,0,0,0,0,0,0,0,0,0,0,0,0,0,0,0,0,0,0,0,0,0,0,0,0,0,0,0,0,0,0,0,0,0,0,0,0,0,0,0,0,0,0,0,0,0,0,0,1.406000018119812,1.406000018119812,0.0,0.0,65.37699890136719,34.62300109863281,0,757.1909790039062,8.569999694824219,13.21000003814697,57.95999908447266,0,0,0,0,0,0,0,0,0,0,0,0,0,0,0.0,0.0,0.0,0.0,0,0,0,0,0,9.649999618530273,0.0,0.0,81.18699645996094,0,7.840000152587891,0.0,7.837999820709229,18.80999946594238,0.0,0.0,0.0,0,25654238.0,0,0,88.33000183105469,42.98600006103516,0.0,0.0,51.19599914550781,52.95999908447266,27.61000061035156,38.13999938964844,167.3899993896484,0,0,0,0,0,0,0,0,0,0,0,0,0,0,0,0,0,0,0,0,0,0,0,0,0,0,0,0,0,0,0,0,0,0,0,0,0,0,0,0,0,0,0,0,0,0,18295660.0,0,0,0,0,16091551.0,0,0,0,0,0,0,20531.484375,0,0,0,0,0,0,0,0,0,0,0,0,18721134.0,0,0,0,0,0,0,0,0,0,0,0,1609.160034179688,0,0,0,0,0,901231,0,0,0,0,0,0,0.0,0.0,0,0,0,0,0,0,0,0,0,0,0,0,0,0,0,0,0,0,0,0,0,0,0,0,0,0,0,0,0,0,0,0,0,0,0,0,0,0,0,0,0,0,0,0,0,0,0,0,0,0,0,0,0,0,0,0,0,0,0,0,0,0,0,0,0,0,0,0,0,0,0,0,0,0,0,0,0,0,0
600623,华谊集团,沪市,19901231,0.1377999931573868,0,0.0,0.0,0.0,19.32999992370605,0,0.0,0,0,79948744.0,0.0,185804832.0,0,0,0,0,0,0,0.0,333437280.0,0,0,0,30741064.0,0,200597136.0,0.0,0,0,0,0,0,0,0,0,0,794484096,30741064.0,794484096,0,0,0,0,0.0,0.0,0.0,0,0,0.0,0,0,0,296477760.0,0,0,0,0,0,0,0,190104240.0,486582016.0,0,0,0,0,0,0,0,0,307902080.0,794484096,1066730304.0,743339072.0,0.0,0.0,0.0,0,0.0,0,0,0.0,0,0,0,0,0.0,0.0,0,0,102460272.0,0.0,0,59531312.0,59531312.0,0,0,0,0,0,0,0,0,0,0,0,0,0,0,0,0,0,0,0,0,0,0,0,0,0,0,0,0,0,0,0,0,0,0,0,0,0,0,0,0,0,0,0,0,0,0,0,0,0,0,0,0,0,0,0,0,0,0,0,0,0,1.125,1.125,0.0,0.0,39.06900024414062,60.93099975585938,0,158.031005859375,2.579999923706055,63.27999877929688,41.22999954223633,0,0,0,0,0,0,0,0,0,0,0,0,0,0,21.52000045776367,0.0,0.0,0.0,0,0,0,0,0,8.010000228881836,0.0,0.0,69.68399810791016,0,5.579999923706055,0.0,5.580999851226807,30.31999969482422,0.0,0.0,0.0,0,102460272.0,0,0,61.25,41.96900177001953,0.0,0.0,25.24900054931641,155.9550018310547,50.95000076293945,103.8499984741211,67.66000366210938,0,0,0,0,0,0,0,0,0,0,0,0,0,0,0,0,0,0,0,0,0,0,0,0,0,0,0,0,0,0,0,0,0,0,0,0,0,0,0,0,0,0,0,0,0,0,307902080.0,0,0,0,0,59531312.0,0,0,0,0,0,0,106673.03125,0,0,0,0,0,0,0,0,0,0,0,0,79948744.0,0,0,0,0,0,0,0,0,0,0,0,5953.1298828125,0,0,0,0,0,901231,0,0,0,0,0,0,0.0,0.0,0,0,0,0,0,0,0,0,0,0,0,0,0,0,0,0,0,0,0,0,0,0,0,0,0,0,0,0,0,0,0,0,0,0,0,0,0,0,0,0,0,0,0,0,0,0,0,0,0,0,0,0,0,0,0,0,0,0,0,0,0,0,0,0,0,0,0,0,0,0,0,0,0,0,0,0,0,0,0
600624,复旦复华,沪市,19901231,0.4629999995231628,0,0.0,0.0,0.0,71.11000061035156,0,0.0,0,0,4731730.0,0.0,1273335.25,0,0,0,0,0,0,0.0,11463652.0,0,0,0,5340396.0,0,578336.375,0.0,0,0,0,0,0,0,0,0,0,17382384,5340396.0,17382384,0,0,0,0,0.0,0.0,0.0,0,0,0.0,0,0,0,3949798.75,0,0,0,0,0,0,0,7600000.0,11549799.0,0,0,0,0,0,0,0,0,5832585.5,17382384,17197638.0,11152105.0,0.0,0.0,0.0,0,0.0,0,0,0.0,0,0,0,0,0.0,0.0,0,0,4147590.25,0.0,0,4147590.25,4147590.25,0,0,0,0,0,0,0,0,0,0,0,0,0,0,0,0,0,0,0,0,0,0,0,0,0,0,0,0,0,0,0,0,0,0,0,0,0,0,0,0,0,0,0,0,0,0,0,0,0,0,0,0,0,0,0,0,0,0,0,0,0,2.901999950408936,2.901999950408936,0.0,0.0,65.802001953125,34.19800186157227,0,198.0220031738281,2.980000019073486,50.5,5.010000228881836,0,0,0,0,0,0,0,0,0,0,0,0,0,0,0.0,0.0,0.0,0.0,0,0,0,0,0,37.18999862670898,0.0,0.0,64.84700012207031,0,24.1200008392334,0.0,24.11700057983398,35.15000152587891,0.0,0.0,0.0,0,4147590.25,0,0,66.44999694824219,65.94999694824219,0.0,0.0,3.32699990272522,51.97100067138672,59.61999893188477,147.6699981689453,14.64000034332275,0,0,0,0,0,0,0,0,0,0,0,0,0,0,0,0,0,0,0,0,0,0,0,0,0,0,0,0,0,0,0,0,0,0,0,0,0,0,0,0,0,0,0,0,0,0,5832585.5,0,0,0,0,4147590.25,0,0,0,0,0,0,1719.763793945312,0,0,0,0,0,0,0,0,0,0,0,0,4731730.0,0,0,0,0,0,0,0,0,0,0,0,414.760009765625,0,0,0,0,0,901231,0,0,0,0,0,0,0.0,0.0,0,0,0,0,0,0,0,0,0,0,0,0,0,0,0,0,0,0,0,0,0,0,0,0,0,0,0,0,0,0,0,0,0,0,0,0,0,0,0,0,0,0,0,0,0,0,0,0,0,0,0,0,0,0,0,0,0,0,0,0,0,0,0,0,0,0,0,0,0,0,0,0,0,0,0,0,0,0,0
600628,新世界,沪市,19901231,0.193000003695488,0,0.0,0.0,0.0,67.01000213623047,0,0.0,0,0,1053651.0,0.0,4845587.0,0,0,0,0,0,0,0.0,5929618.5,0,0,0,121700.0,0,1419362.25,0.0,0,0,0,0,0,0,0,0,0,7470681,121700.0,7470681,0,0,0,0,0.0,0.0,0.0,0,0,0.0,0,0,0,4996806.5,0,0,0,0,0,0,0,0.0,4996806.5,0,0,0,0,0,0,0,0,2473874.25,7470681,33020398.0,28075410.0,0.0,0.0,0.0,0,0.0,0,0,0.0,0,0,0,0,0.0,0.0,0,0,1657650.0,0.0,0,1657650.0,1657650.0,0,0,0,0,0,0,0,0,0,0,0,0,0,0,0,0,0,0,0,0,0,0,0,0,0,0,0,0,0,0,0,0,0,0,0,0,0,0,0,0,0,0,0,0,0,0,0,0,0,0,0,0,0,0,0,0,0,0,0,0,0,1.187000036239624,1.187000036239624,0.0,0.0,0.0,100.0,0,201.9830017089844,3.019999980926514,49.5099983215332,28.40999984741211,0,0,0,0,0,0,0,0,0,0,0,0,0,0,55.84999847412109,0.0,0.0,0.0,0,0,0,0,0,5.900000095367432,0.0,0.0,85.02400207519531,0,5.019999980926514,0.0,5.019999980926514,14.97999954223633,0.0,0.0,0.0,0,1657650.0,0,0,66.88999938964844,79.37200164794922,0.0,0.0,18.99900054931641,0.0,33.11000061035156,49.5099983215332,28.40999984741211,0,0,0,0,0,0,0,0,0,0,0,0,0,0,0,0,0,0,0,0,0,0,0,0,0,0,0,0,0,0,0,0,0,0,0,0,0,0,0,0,0,0,0,0,0,0,2473874.25,0,0,0,0,1657650.0,0,0,0,0,0,0,3302.039794921875,0,0,0,0,0,0,0,0,0,0,0,0,1053651.0,0,0,0,0,0,0,0,0,0,0,0,165.7700042724609,0,0,0,0,0,901231,0,0,0,0,0,0,0.0,0.0,0,0,0,0,0,0,0,0,0,0,0,0,0,0,0,0,0,0,0,0,0,0,0,0,0,0,0,0,0,0,0,0,0,0,0,0,0,0,0,0,0,0,0,0,0,0,0,0,0,0,0,0,0,0,0,0,0,0,0,0,0,0,0,0,0,0,0,0,0,0,0,0,0,0,0,0,0,0,0
600629,华建集团,沪市,19901231,0.01319999992847443,0,0.0,0.0,0.0,3.349999904632568,0,0.0,0,0,3155703.75,0.0,7774570.0,0,0,0,0,0,0,0.0,12245860.0,0,0,0,1208000.0,0,6372977.0,0.0,0,0,0,0,0,0,0,0,0,34945664,1208000.0,34945664,0,0,0,0,0.0,0.0,0.0,0,0,0.0,0,0,0,9917353.0,0,0,0,0,0,0,0,11709869.0,21627222.0,0,0,0,0,0,0,0,0,13318441.0,34945664,13001528.0,9381198.0,0.0,0.0,0.0,0,0.0,0,0,0.0,0,0,0,0,0.0,0.0,0,0,635935.5,0.0,0,445935.5,445935.5,0,0,0,0,0,0,0,0,0,0,0,0,0,0,0,0,0,0,0,0,0,0,0,0,0,0,0,0,0,0,0,0,0,0,0,0,0,0,0,0,0,0,0,0,0,0,0,0,0,0,0,0,0,0,0,0,0,0,0,0,0,1.235000014305115,1.235000014305115,0.0,0.0,54.14400100708008,45.85599899291992,0,162.3860015869141,2.619999885559082,61.58000183105469,29.46999931335449,0,0,0,0,0,0,0,0,0,0,0,0,0,0,27.01000022888184,0.0,0.0,0.0,0,0,0,0,0,4.75,0.0,0.0,72.15499877929688,0,3.430000066757202,0.0,3.430000066757202,27.85000038146973,0.0,0.0,0.0,0,635935.5,0,0,61.88999938964844,35.04299926757812,0.0,0.0,18.23699951171875,84.69200134277344,57.31999969482422,134.2899932861328,64.26000213623047,0,0,0,0,0,0,0,0,0,0,0,0,0,0,0,0,0,0,0,0,0,0,0,0,0,0,0,0,0,0,0,0,0,0,0,0,0,0,0,0,0,0,0,0,0,0,13318441.0,0,0,0,0,445935.5,0,0,0,0,0,0,1300.15283203125,0,0,0,0,0,0,0,0,0,0,0,0,3155703.75,0,0,0,0,0,0,0,0,0,0,0,44.59000015258789,0,0,0,0,0,901231,0,0,0,0,0,0,0.0,0.0,0,0,0,0,0,0,0,0,0,0,0,0,0,0,0,0,0,0,0,0,0,0,0,0,0,0,0,0,0,0,0,0,0,0,0,0,0,0,0,0,0,0,0,0,0,0,0,0,0,0,0,0,0,0,0,0,0,0,0,0,0,0,0,0,0,0,0,0,0,0,0,0,0,0,0,0,0,0,0
600630,龙头股份,沪市,19901231,0.1066000014543533,0,0.0,0.0,0.0,16.1299991607666,0,0.0,0,0,89686488.0,0.0,44297604.0,0,0,0,0,0,0,0.0,142204064.0,0,0,0,12640313.0,0,55308876.0,0.0,0,0,0,0,0,0,0,0,0,233393680,12640313.0,233393680,0,0,0,0,0.0,0.0,0.0,0,0,0.0,0,0,0,94520840.0,0,0,0,0,0,0,0,23630000.0,118150840.0,0,0,0,0,0,0,0,0,115242840.0,233393680,394250496.0,270090208.0,0.0,0.0,0.0,0,0.0,0,0,0.0,0,0,0,0,0.0,0.0,0,0,37756068.0,0.0,0,18591836.0,18591836.0,0,0,0,0,0,0,0,0,0,0,0,0,0,0,0,0,0,0,0,0,0,0,0,0,0,0,0,0,0,0,0,0,0,0,0,0,0,0,0,0,0,0,0,0,0,0,0,0,0,0,0,0,0,0,0,0,0,0,0,0,0,1.503999948501587,1.503999948501587,0.0,0.0,20.0,80.0,0,102.5230026245117,2.029999971389771,97.54000091552734,46.81000137329102,0,0,0,0,0,0,0,0,0,0,0,0,0,0,-4.900000095367432,0.0,0.0,0.0,0,0,0,0,0,6.880000114440918,0.0,0.0,68.50700378417969,0,4.71999979019165,0.0,4.716000080108643,31.48999977111816,0.0,0.0,0.0,0,37756068.0,0,0,50.61999893188477,60.92900085449219,0.0,0.0,23.69799995422363,400.0039978027344,54.93999862670898,121.9199981689453,58.52000045776367,0,0,0,0,0,0,0,0,0,0,0,0,0,0,0,0,0,0,0,0,0,0,0,0,0,0,0,0,0,0,0,0,0,0,0,0,0,0,0,0,0,0,0,0,0,0,115242840.0,0,0,0,0,18591836.0,0,0,0,0,0,0,39425.046875,0,0,0,0,0,0,0,0,0,0,0,0,89686488.0,0,0,0,0,0,0,0,0,0,0,0,1859.180053710938,0,0,0,0,0,901231,0,0,0,0,0,0,0.0,0.0,0,0,0,0,0,0,0,0,0,0,0,0,0,0,0,0,0,0,0,0,0,0,0,0,0,0,0,0,0,0,0,0,0,0,0,0,0,0,0,0,0,0,0,0,0,0,0,0,0,0,0,0,0,0,0,0,0,0,0,0,0,0,0,0,0,0,0,0,0,0,0,0,0,0,0,0,0,0,0
600633,浙数文化,沪市,19901231,0.3048000037670135,0,0.0,0.0,0.0,32.52999877929688,0,0.0,0,0,51586524.0,0.0,84261120.0,0,0,0,0,0,0,0.0,148418832.0,0,0,0,1999886.625,0,38983848.0,0.0,0,0,0,0,0,0,0,0,0,204443232,1999886.625,204443232,0,0,0,0,0.0,0.0,0.0,0,0,0.0,0,0,0,136021104.0,0,0,0,0,0,0,0,14862487.0,150883600.0,0,0,0,0,0,0,0,0,53559632.0,204443232,281738784.0,240879712.0,0.0,0.0,0.0,0,0.0,0,0,0.0,0,0,0,0,0.0,0.0,0,0,23875866.0,0.0,0,17425378.0,17425378.0,0,0,0,0,0,0,0,0,0,0,0,0,0,0,0,0,0,0,0,0,0,0,0,0,0,0,0,0,0,0,0,0,0,0,0,0,0,0,0,0,0,0,0,0,0,0,0,0,0,0,0,0,0,0,0,0,0,0,0,0,0,1.090999960899353,1.090999960899353,0.0,0.0,9.850000381469727,90.1500015258789,0,281.7109985351562,3.819999933242798,35.5,25.84000015258789,0,0,0,0,0,0,0,0,0,0,0,0,0,0,28.21999931335449,0.0,0.0,0.0,0,0,0,0,0,7.230000019073486,0.0,0.0,85.49800109863281,0,6.179999828338623,0.0,6.184999942779541,14.5,0.0,0.0,0.0,0,23875866.0,0,0,73.80000305175781,72.59700012207031,0.0,0.0,19.06800079345703,915.197998046875,28.25,39.38000106811523,28.65999984741211,0,0,0,0,0,0,0,0,0,0,0,0,0,0,0,0,0,0,0,0,0,0,0,0,0,0,0,0,0,0,0,0,0,0,0,0,0,0,0,0,0,0,0,0,0,0,53559632.0,0,0,0,0,17425378.0,0,0,0,0,0,0,28173.87890625,0,0,0,0,0,0,0,0,0,0,0,0,51586524.0,0,0,0,0,0,0,0,0,0,0,0,1742.5400390625,0,0,0,0,0,901231,0,0,0,0,0,0,0.0,0.0,0,0,0,0,0,0,0,0,0,0,0,0,0,0,0,0,0,0,0,0,0,0,0,0,0,0,0,0,0,0,0,0,0,0,0,0,0,0,0,0,0,0,0,0,0,0,0,0,0,0,0,0,0,0,0,0,0,0,0,0,0,0,0,0,0,0,0,0,0,0,0,0,0,0,0,0,0,0,0
600636,*ST国化,沪市,19901231,0.0,0,0.0,0.0,0.0,9.430000305175781,0,0.0,0,0,0.0,0.0,0.0,0,0,0,0,0,0,0.0,0.0,0,0,0,0.0,0,0.0,0.0,0,0,0,0,0,0,0,0,0,33087600,0.0,33087600,0,0,0,0,0.0,0.0,0.0,0,0,0.0,0,0,0,0.0,0,0,0,0,0,0,0,0.0,0.0,0,0,0,0,0,0,0,0,33087600.0,33087600,28932100.0,24301000.0,0.0,0.0,0.0,0,0.0,0,0,0.0,0,0,0,0,0.0,0.0,0,0,4631100.0,0.0,0,3120000.0,3120000.0,0,0,0,0,0,0,0,0,0,0,0,0,0,0,0,0,0,0,0,0,0,0,0,0,0,0,0,0,0,0,0,0,0,0,0,0,0,0,0,0,0,0,0,0,0,0,0,0,0,0,0,0,0,0,0,0,0,0,0,0,0,0.0,0.0,0.0,0.0,0.0,0.0,0,0.0,1.0,0.0,0.0,0,0,0,0,0,0,0,0,0,0,0,0,0,0,0.0,0.0,0.0,0.0,0,0,0,0,0,12.84000015258789,0.0,0.0,83.99299621582031,0,10.77999973297119,0.0,10.78400039672852,16.01000022888184,0.0,0.0,0.0,0,4631100.0,0,0,0.0,0.0,0.0,0.0,0.0,0.0,100.0,0.0,0.0,0,0,0,0,0,0,0,0,0,0,0,0,0,0,0,0,0,0,0,0,0,0,0,0,0,0,0,0,0,0,0,0,0,0,0,0,0,0,0,0,0,0,0,0,0,0,33087600.0,0,0,0,0,3120000.0,0,0,0,0,0,0,2893.2099609375,0,0,0,0,0,0,0,0,0,0,0,0,0.0,0,0,0,0,0,0,0,0,0,0,0,312.0,0,0,0,0,0,901231,0,0,0,0,0,0,0.0,0.0,0,0,0,0,0,0,0,0,0,0,0,0,0,0,0,0,0,0,0,0,0,0,0,0,0,0,0,0,0,0,0,0,0,0,0,0,0,0,0,0,0,0,0,0,0,0,0,0,0,0,0,0,0,0,0,0,0,0,0,0,0,0,0,0,0,0,0,0,0,0,0,0,0,0,0,0,0,0,0
600640,国脉文化,沪市,19901231,0.0,0,0.0,0.0,0.0,31.27000045776367,0,0.0,0,0,0.0,0.0,0.0,0,0,0,0,0,0,0.0,0.0,0,0,0,0.0,0,0.0,0.0,0,0,0,0,0,0,0,0,0,22100000,0.0,22100000,0,0,0,0,0.0,0.0,0.0,0,0,0.0,0,0,0,0.0,0,0,0,0,0,0,0,0.0,0.0,0,0,0,0,0,0,0,0,22100000.0,22100000,31340000.0,16580000.0,0.0,0.0,0.0,0,0.0,0,0,0.0,0,0,0,0,0.0,0.0,0,0,14760000.0,0.0,0,6910000.0,6910000.0,0,0,0,0,0,0,0,0,0,0,0,0,0,0,0,0,0,0,0,0,0,0,0,0,0,0,0,0,0,0,0,0,0,0,0,0,0,0,0,0,0,0,0,0,0,0,0,0,0,0,0,0,0,0,0,0,0,0,0,0,0,0.0,0.0,0.0,0.0,0.0,0.0,0,0.0,1.0,0.0,0.0,0,0,0,0,0,0,0,0,0,0,0,0,0,0,0.0,0.0,0.0,0.0,0,0,0,0,0,41.68000030517578,0.0,0.0,52.90399932861328,0,22.04999923706055,0.0,22.04899978637695,47.09999847412109,0.0,0.0,0.0,0,14760000.0,0,0,0.0,0.0,0.0,0.0,0.0,0.0,100.0,0.0,0.0,0,0,0,0,0,0,0,0,0,0,0,0,0,0,0,0,0,0,0,0,0,0,0,0,0,0,0,0,0,0,0,0,0,0,0,0,0,0,0,0,0,0,0,0,0,0,22100000.0,0,0,0,0,6910000.0,0,0,0,0,0,0,3134.0,0,0,0,0,0,0,0,0,0,0,0,0,0.0,0,0,0,0,0,0,0,0,0,0,0,691.0,0,0,0,0,0,901231,0,0,0,0,0,0,0.0,0.0,0,0,0,0,0,0,0,0,0,0,0,0,0,0,0,0,0,0,0,0,0,0,0,0,0,0,0,0,0,0,0,0,0,0,0,0,0,0,0,0,0,0,0,0,0,0,0,0,0,0,0,0,0,0,0,0,0,0,0,0,0,0,0,0,0,0,0,0,0,0,0,0,0,0,0,0,0,0,0
600642,申能股份,沪市,19901231,0.0,0,0.0,0.0,0.0,7.619999885559082,0,0.0,0,0,0.0,0.0,0.0,0,0,0,0,0,0,0.0,0.0,0,0,0,0.0,0,0.0,0.0,0,0,0,0,0,0,0,0,0,1703869184,0.0,1703869184,0,0,0,0,0.0,0.0,0.0,0,0,0.0,0,0,0,0.0,0,0,0,0,0,0,0,0.0,0.0,0,0,0,0,0,0,0,0,1703869184.0,1703869184,139127200.0,0.0,0.0,0.0,0.0,0,0.0,0,0,0.0,0,0,0,0,0.0,0.0,0,0,131678704.0,0.0,0,129779200.0,129779200.0,0,0,0,0,0,0,0,0,0,0,0,0,0,0,0,0,0,0,0,0,0,0,0,0,0,0,0,0,0,0,0,0,0,0,0,0,0,0,0,0,0,0,0,0,0,0,0,0,0,0,0,0,0,0,0,0,0,0,0,0,0,0.0,0.0,0.0,0.0,0.0,0.0,0,0.0,1.0,0.0,0.0,0,0,0,0,0,0,0,0,0,0,0,0,0,0,0.0,0.0,0.0,0.0,0,0,0,0,0,0.0,0.0,0.0,0.0,0,93.27999877929688,0.0,93.28099822998047,100.0,0.0,0.0,0.0,0,131678704.0,0,0,0.0,0.0,0.0,0.0,0.0,0.0,100.0,0.0,0.0,0,0,0,0,0,0,0,0,0,0,0,0,0,0,0,0,0,0,0,0,0,0,0,0,0,0,0,0,0,0,0,0,0,0,0,0,0,0,0,0,0,0,0,0,0,0,1703869184.0,0,0,0,0,129779200.0,0,0,0,0,0,0,13912.7197265625,0,0,0,0,0,0,0,0,0,0,0,0,0.0,0,0,0,0,0,0,0,0,0,0,0,12977.919921875,0,0,0,0,0,901231,0,0,0,0,0,0,0.0,0.0,0,0,0,0,0,0,0,0,0,0,0,0,0,0,0,0,0,0,0,0,0,0,0,0,0,0,0,0,0,0,0,0,0,0,0,0,0,0,0,0,0,0,0,0,0,0,0,0,0,0,0,0,0,0,0,0,0,0,0,0,0,0,0,0,0,0,0,0,0,0,0,0,0,0,0,0,0,0,0
600645,中源协和,沪市,19901231,0.0,0,0.0,0.0,0.0,12.64000034332275,0,0.0,0,0,0.0,0.0,0.0,0,0,0,0,0,0,0.0,0.0,0,0,0,0.0,0,0.0,0.0,0,0,0,0,0,0,0,0,0,31876000,0.0,31876000,0,0,0,0,0.0,0.0,0.0,0,0,0.0,0,0,0,0.0,0,0,0,0,0,0,0,0.0,0.0,0,0,0,0,0,0,0,0,31876000.0,31876000,75345000.0,68305000.0,0.0,0.0,0.0,0,0.0,0,0,0.0,0,0,0,0,0.0,0.0,0,0,7040000.0,0.0,0,4029000.0,4029000.0,0,0,0,0,0,0,0,0,0,0,0,0,0,0,0,0,0,0,0,0,0,0,0,0,0,0,0,0,0,0,0,0,0,0,0,0,0,0,0,0,0,0,0,0,0,0,0,0,0,0,0,0,0,0,0,0,0,0,0,0,0,0.0,0.0,0.0,0.0,0.0,0.0,0,0.0,1.0,0.0,0.0,0,0,0,0,0,0,0,0,0,0,0,0,0,0,0.0,0.0,0.0,0.0,0,0,0,0,0,5.900000095367432,0.0,0.0,90.65599822998047,0,5.349999904632568,0.0,5.347000122070312,9.34000015258789,0.0,0.0,0.0,0,7040000.0,0,0,0.0,0.0,0.0,0.0,0.0,0.0,100.0,0.0,0.0,0,0,0,0,0,0,0,0,0,0,0,0,0,0,0,0,0,0,0,0,0,0,0,0,0,0,0,0,0,0,0,0,0,0,0,0,0,0,0,0,0,0,0,0,0,0,31876000.0,0,0,0,0,4029000.0,0,0,0,0,0,0,7534.5,0,0,0,0,0,0,0,0,0,0,0,0,0.0,0,0,0,0,0,0,0,0,0,0,0,402.8999938964844,0,0,0,0,0,901231,0,0,0,0,0,0,0.0,0.0,0,0,0,0,0,0,0,0,0,0,0,0,0,0,0,0,0,0,0,0,0,0,0,0,0,0,0,0,0,0,0,0,0,0,0,0,0,0,0,0,0,0,0,0,0,0,0,0,0,0,0,0,0,0,0,0,0,0,0,0,0,0,0,0,0,0,0,0,0,0,0,0,0,0,0,0,0,0,0
600651,飞乐音响,沪市,19901231,0.04890000075101852,0,0.0,0.0,0.0,0.9599999785423279,0,0.0,0,0,883606.75,0.0,4315395.5,0,0,0,0,0,0,0.0,5474299.5,0,0,0,189830.0,0,174768.15625,0.0,0,0,0,0,0,0,0,0,0,58388972,189830.0,58388972,0,0,0,0,0.0,0.0,0.0,0,0,0.0,0,0,0,3688245.0,0,0,0,0,0,0,0,3688245.0,7376490.0,0,0,0,0,0,0,0,0,51012480.0,58388972,10080492.0,8210228.5,0.0,0.0,0.0,0,0.0,0,0,0.0,0,0,0,0,0.0,0.0,0,0,884364.625,0.0,0,488567.28125,488567.28125,0,0,0,0,0,0,0,0,0,0,0,0,0,0,0,0,0,0,0,0,0,0,0,0,0,0,0,0,0,0,0,0,0,0,0,0,0,0,0,0,0,0,0,0,0,0,0,0,0,0,0,0,0,0,0,0,0,0,0,0,0,1.483999967575073,1.483999967575073,0.0,0.0,50.0,50.0,0,14.46000003814697,1.139999985694885,691.5499877929688,2.369999885559082,0,0,0,0,0,0,0,0,0,0,0,0,0,0,70.2300033569336,0.0,0.0,0.0,0,0,0,0,0,5.949999809265137,0.0,0.0,81.4469985961914,0,4.849999904632568,0.0,4.847000122070312,18.54999923706055,0.0,0.0,0.0,0,884364.625,0,0,12.63000011444092,9.37600040435791,0.0,0.0,0.2989999949932098,100.0,93.26000213623047,1383.109985351562,4.739999771118164,0,0,0,0,0,0,0,0,0,0,0,0,0,1646900,1296900,0,0,0,0,0,0,0,0,0,0,0,0,0,0,0,0,0,0,0,0,0,0,0,0,0,0,1296900,0,0,0,0,51012480.0,0,0,0,0,488567.28125,0,0,0,0,0,0,1008.049255371094,0,0,0,0,0,0,0,0,0,0,0,0,883606.75,0,0,0,0,0,0,0,0,0,0,0,48.86000061035156,0,0,0,0,0,901231,0,0,0,0,0,0,0.5400000214576721,0.5400000214576721,0,0,0,0,0,0,0,0,0,0,0,0,0,0,0,0,0,0,0,0,0,0,0,0,0,0,0,0,0,0,0,0,0,0,0,0,0,0,0,0,0,0,0,0,0,0,0,0,0,0,0,0,0,0,0,0,0,0,0,0,0,0,0,0,0,0,0,0,0,0,0,0,0,0,0,0,0,0,0
600653,申华控股,沪市,19901231,0.1004000008106232,0,0.0,0.0,0.0,6.900000095367432,0,0.0,0,0,677318.1875,0.0,1755883.5,0,0,0,0,0,0,0.0,2933423.75,0,0,0,550000.0,0,273477.34375,0.0,0,0,0,0,0,0,0,0,0,3776699,550000.0,3776699,0,0,0,0,0.0,0.0,0.0,0,0,0.0,0,0,0,2291699.0,0,0,0,0,0,0,0,30000.0,2321699.0,0,0,0,0,0,0,0,0,1455000.0,3776699,8212802.0,7229250.5,0.0,0.0,0.0,0,0.0,0,0,0.0,0,0,0,0,0.0,0.0,0,0,158037.5,0.0,0,100413.546875,100413.546875,0,0,0,0,0,0,0,0,0,0,0,0,0,0,0,0,0,0,0,0,0,0,0,0,0,0,0,0,0,0,0,0,0,0,0,0,0,0,0,0,0,0,0,0,0,0,0,0,0,0,0,0,0,0,0,0,0,0,0,0,0,1.279999971389771,1.279999971389771,0.0,0.0,1.29200005531311,98.70800018310547,0,159.5670013427734,2.599999904632568,62.66999816894531,11.77999973297119,0,0,0,0,0,0,0,0,0,0,0,0,0,0,-11.92000007629395,0.0,0.0,0.0,0,0,0,0,0,1.389999985694885,0.0,0.0,88.02400207519531,0,1.220000028610229,0.0,1.223000049591064,11.97999954223633,0.0,0.0,0.0,0,158037.5,0,0,61.47000122070312,77.6719970703125,0.0,0.0,7.241000175476074,7638.9970703125,38.83000183105469,63.4900016784668,11.93000030517578,0,0,0,0,0,0,0,0,0,0,0,0,0,1000000,700000,0,0,0,0,0,0,0,0,0,0,0,0,0,0,0,0,0,0,0,0,0,0,0,0,0,0,700000,0,0,0,0,1455000.0,0,0,0,0,100413.546875,0,0,0,0,0,0,821.2802124023438,0,0,0,0,0,0,0,0,0,0,0,0,677318.1875,0,0,0,0,0,0,0,0,0,0,0,10.03999996185303,0,0,0,0,0,901231,0,0,0,0,0,0,0.1599999964237213,0.1599999964237213,0,0,0,0,0,0,0,0,0,0,0,0,0,0,0,0,0,0,0,0,0,0,0,0,0,0,0,0,0,0,0,0,0,0,0,0,0,0,0,0,0,0,0,0,0,0,0,0,0,0,0,0,0,0,0,0,0,0,0,0,0,0,0,0,0,0,0,0,0,0,0,0,0,0,0,0,0,0,0
600654,中安科,沪市,19901231,0.01700000092387199,0,0.0,0.0,0.0,1.409999966621399,0,0.0,0,0,22656302.0,0.0,54722940.0,0,0,0,0,0,0,0.0,79593000.0,0,0,0,2802888.25,0,18562632.0,0.0,0,0,0,0,0,0,0,0,0,114143696,2802888.25,114143696,0,0,0,0,0.0,0.0,0.0,0,0,0.0,0,0,0,70014360.0,0,0,0,0,0,0,0,18870302.0,88884656.0,0,0,0,0,0,0,0,0,25259042.0,114143696,50658360.0,48027356.0,0.0,0.0,0.0,0,0.0,0,0,0.0,0,0,0,0,0.0,0.0,0,0,357400.09375,0.0,0,357400.09375,357400.09375,0,0,0,0,0,0,0,0,0,0,0,0,0,0,0,0,0,0,0,0,0,0,0,0,0,0,0,0,0,0,0,0,0,0,0,0,0,0,0,0,0,0,0,0,0,0,0,0,0,0,0,0,0,0,0,0,0,0,0,0,0,1.13699996471405,1.13699996471405,0.0,0.0,21.22999954223633,78.7699966430664,0,351.8919982910156,4.519999980926514,28.42000007629395,20.8799991607666,0,0,0,0,0,0,0,0,0,0,0,0,0,0,-79.05000305175781,0.0,0.0,0.0,0,0,0,0,0,0.7400000095367432,0.0,0.0,94.80599975585938,0,0.7099999785423279,0.0,0.7059999704360962,5.190000057220459,0.0,0.0,0.0,0,357400.09375,0,0,77.87000274658203,69.73100280761719,0.0,0.0,16.26300048828125,371.0289916992188,26.51000022888184,36.08000183105469,26.51000022888184,0,0,0,0,0,0,0,0,0,0,0,0,0,21010000,2100000,0,0,0,0,0,0,0,0,0,0,0,0,0,0,0,0,0,0,0,0,0,0,0,0,0,0,2100000,0,0,0,0,25259042.0,0,0,0,0,357400.09375,0,0,0,0,0,0,5065.8359375,0,0,0,0,0,0,0,0,0,0,0,0,22656302.0,0,0,0,0,0,0,0,0,0,0,0,35.7400016784668,0,0,0,0,0,901231,0,0,0,0,0,0,0.01999999955296516,0.01999999955296516,0,0,0,0,0,0,0,0,0,0,0,0,0,0,0,0,0,0,0,0,0,0,0,0,0,0,0,0,0,0,0,0,0,0,0,0,0,0,0,0,0,0,0,0,0,0,0,0,0,0,0,0,0,0,0,0,0,0,0,0,0,0,0,0,0,0,0,0,0,0,0,0,0,0,0,0,0,0,0
600655,豫园股份,沪市,19901231,0.4399000108242035,0,0.0,0.0,0.0,43.9900016784668,0,0.0,0,0,11618929.0,0.0,44760036.0,0,0,0,0,0,0,0.0,68132936.0,0,0,0,180906.46875,0,2917739.75,0.0,0,0,0,0,0,0,0,0,0,71943528,180906.46875,71943528,0,0,0,0,0.0,0.0,0.0,0,0,0.0,0,0,0,48084348.0,0,0,0,0,0,0,0,0.0,48084348.0,0,0,0,0,0,0,0,0,23859182.0,71943528,304007328.0,255214656.0,0.0,0.0,0.0,0,0.0,0,0,0.0,0,0,0,0,0.0,0.0,0,0,19425992.0,0.0,0,10496133.0,10496133.0,0,0,0,0,0,0,0,0,0,0,0,0,0,0,0,0,0,0,0,0,0,0,0,0,0,0,0,0,0,0,0,0,0,0,0,0,0,0,0,0,0,0,0,0,0,0,0,0,0,0,0,0,0,0,0,0,0,0,0,0,0,1.41700005531311,1.41700005531311,0.0,0.0,0.0,100.0,0,201.5339965820312,3.019999980926514,49.61999893188477,6.070000171661377,0,0,0,0,0,0,0,0,0,0,0,0,0,0,73.66000366210938,0.0,0.0,0.0,0,0,0,0,0,4.110000133514404,0.0,0.0,83.94999694824219,0,3.450000047683716,0.0,3.453000068664551,16.04999923706055,0.0,0.0,0.0,0,19425992.0,0,0,66.83999633789062,94.7030029296875,0.0,0.0,4.056000232696533,0.0,33.15999984741211,49.61999893188477,6.070000171661377,0,0,0,0,0,0,0,0,0,0,0,0,0,11290428,1582380,0,0,0,0,0,0,0,0,0,0,0,0,0,0,0,0,0,0,0,0,0,0,0,0,0,0,1582380,0,0,0,0,23859182.0,0,0,0,0,10496133.0,0,0,0,0,0,0,30400.734375,0,0,0,0,0,0,0,0,0,0,0,0,11618929.0,0,0,0,0,0,0,0,0,0,0,0,1049.609985351562,0,0,0,0,0,901231,0,0,0,0,0,0,1.720000028610229,1.720000028610229,0,0,0,0,0,0,0,0,0,0,0,0,0,0,0,0,0,0,0,0,0,0,0,0,0,0,0,0,0,0,0,0,0,0,0,0,0,0,0,0,0,0,0,0,0,0,0,0,0,0,0,0,0,0,0,0,0,0,0,0,0,0,0,0,0,0,0,0,0,0,0,0,0,0,0,0,0,0,0
600815,厦工股份,沪市,19901231,0.0,0,0.0,0.0,0.0,0.0,0,14904492.0,0,0,5442053.0,157673.0,829600.0,0,0,0,0,0,0,0.0,112507032.0,0,0,0,1591160.0,0,58084476.0,10969757.0,0,0,0,0,0,0,0,0,0,0,70645392.0,183152416,88400000,0,0,0,1834083.0,3248786.0,782072.0,0,0,1281634.0,0,0,0,100864976.0,9064000,0,0,0,0,0,0,9064000.0,109928976.0,73223448,0,0,0,0,0,0,0,73223448.0,183152416,229758224.0,185115648.0,3900508.0,3389697.0,15338924.0,0,9203160.0,0,0,0.0,0,0,11396463,0,225129.0,232833.0,0,0,11385159.0,1707774.0,0,0.0,0.0,0,0,0,0,0,0,0,0,0,0,0,0,0,0,0,0,0,0,0,0,0,0,0,0,0,0,0,0,0,0,0,0,0,0,0,0,0,0,0,0,0,0,0,0,0,0,0,0,0,0,0,0,0,0,0,0,0,0,0,0,0,0.0,0.0,0.0,2.240000009536743,0.0,0.0,0,0.0,2.5,66.61000061035156,66.4000015258789,0,0,0,0,0,0,0,0,0,0,0,0,0,0,0.0,0.0,0.0,0.0,0,0,0,0,0,0.0,4.960000038146973,0.0,0.0,0,0.0,0.0,0.0,19.43000030517578,0.0,0.0,0.0,0,20588320.0,0,0,60.02000045776367,0.0,0.0,0.0,0.0,0.0,41.59999847412109,71.23999786376953,83.05999755859375,0,0,0,0,0,0,0,0,0,0,0,0,0,0,0,0,0,0,0,0,0,0,0,0,0,0,0,0,0,0,0,0,0,0,0,0,0,0,0,0,0,0,0,0,0,0,73223448.0,0,0,0,0,0.0,0,0,0,0,0,0,22975.822265625,0,0,0,0,0,0,0,0,0,0,0,0,5442053.0,0,0,0,0,0,0,0,0,0,0,0,0.0,0,0,0,0,0,901231,0,0,0,0,0,0,0.239999994635582,0.239999994635582,0,0,0,0,0,0,0,0,0,0,0,0,0,0,0,0,0,0,0,0,0,0,0,0,0,0,0,0,0,0,0,0,0,0,0,0,0,0,0,0,0,0,0,0,0,0,0,0,0,0,0,0,0,0,0,0,0,0,0,0,0,0,0,0,0,0,0,0,0,0,0,0,0,0,0,0,0,0,0
600830,香溢融通,沪市,19901231,0.02250000089406967,0,0.0,0.05790000036358833,0.0,38.79999923706055,0,0.0,0,0,0.0,0.0,0.0,0,0,0,0,0,0,0.0,12654618.0,0,0,0,201090.0,0,1846533.0,0.0,0,0,0,0,0,0,0,0,0,0,201090.0,14705142,0,0,0,0,0.0,0.0,0.0,0,0,0.0,0,0,0,11505919.0,0,0,0,0,0,0,0,0.0,11505919.0,0,0,0,0,0,0,0,0,3199223.0,14705142,91510040.0,82969168.0,1197158.0,0.0,0.0,0,0.0,0,0,0.0,0,0,0,0,464983.0,837774.0,0,0,1534383.0,293221.0,0,1241162.0,1241162.0,0,0,0,0,0,0,0,0,0,0,0,0,0,0,0,0,0,0,0,0,0,0,0,0,0,0,0,0,0,0,0,0,0,0,0,0,0,0,0,0,0,0,0,0,0,0,0,0,0,0,0,0,0,0,0,0,0,0,0,0,0,1.100000023841858,1.100000023841858,0.0,0.0,0.0,100.0,0,359.6470031738281,4.599999904632568,27.80999946594238,16.04999923706055,0,0,0,0,0,0,0,0,0,0,0,0,0,0,0.0,0.0,0.0,0.0,0,0,0,0,0,1.470000028610229,0.0,1.307999968528748,90.66699981689453,0,1.360000014305115,0.0,1.355999946594238,9.329999923706055,0.0,0.0,0.0,0,1534383.0,0,0,78.23999786376953,86.05599975585938,0.0,0.0,12.55700016021729,0.0,21.76000022888184,27.80999946594238,16.04999923706055,0,0,0,0,0,0,0,0,0,0,0,0,0,0,0,0,0,0,0,0,0,0,0,0,0,0,0,0,0,0,0,0,0,0,0,0,0,0,0,0,0,0,0,0,0,0,3199223.0,0,0,0,0,1241162.0,0,0,0,0,0,0,9151.00390625,0,0,0,0,0,0,0,0,0,0,0,0,0.0,0,0,0,0,0,0,0,0,0,0,0,124.120002746582,0,0,0,0,0,901231,0,0,0,0,0,0,0.0,0.0,0,0,0,0,0,0,0,0,0,0,0,0,0,0,0,0,0,0,0,0,0,0,0,0,0,0,0,0,0,0,0,0,0,0,0,0,0,0,0,0,0,0,0,0,0,0,0,0,0,0,0,0,0,0,0,0,0,0,0,0,0,0,0,0,0,0,0,0,0,0,0,0,0,0,0,0,0,0,0
600861,北京人力,沪市,19901231,0.00800000037997961,0,0.0,0.0,0.0,9.609999656677246,0,0.0,0,0,1544377.0,0.0,4951051.0,0,0,0,0,0,0,0.0,47969440.0,0,0,0,24530888.0,0,4735368.0,0.0,0,0,0,0,0,0,0,0,0,79828512,24530888.0,79828512,0,0,0,0,0.0,0.0,0.0,0,0,0.0,0,0,0,24212392.0,0,0,0,0,0,0,0,43924828.0,68137216.0,0,0,0,0,0,0,0,0,11691291.0,79828512,52163808.0,43422744.0,0.0,0.0,0.0,0,0.0,0,0,0.0,0,0,0,0,0.0,0.0,0,0,1604463.0,0.0,0,1123124.0,1123124.0,0,0,0,0,0,0,0,0,0,0,0,0,0,0,0,0,0,0,0,0,0,0,0,0,0,0,0,0,0,0,0,0,0,0,0,0,0,0,0,0,0,0,0,0,0,0,0,0,0,0,0,0,0,0,0,0,0,0,0,0,0,1.980999946594238,1.980999946594238,0.0,0.0,64.46499633789062,35.53499984741211,0,582.802978515625,6.829999923706055,17.15999984741211,6.949999809265137,0,0,0,0,0,0,0,0,0,0,0,0,0,0,0.0,0.0,0.0,0.0,0,0,0,0,0,2.589999914169312,0.0,0.0,83.24299621582031,0,2.150000095367432,0.0,2.153000116348267,16.76000022888184,0.0,0.0,0.0,0,1604463.0,0,0,85.3499984741211,60.09099960327148,0.0,0.0,5.932000160217285,55.12200164794922,32.56000137329102,48.29000091552734,19.55999946594238,0,0,0,0,0,0,0,0,0,0,0,0,0,0,0,0,0,0,0,0,0,0,0,0,0,0,0,0,0,0,0,0,0,0,0,0,0,0,0,0,0,0,0,0,0,0,11691291.0,0,0,0,0,1123124.0,0,0,0,0,0,0,5216.380859375,0,0,0,0,0,0,0,0,0,0,0,0,1544377.0,0,0,0,0,0,0,0,0,0,0,0,112.3099975585938,0,0,0,0,0,901231,0,0,0,0,0,0,0.0,0.0,0,0,0,0,0,0,0,0,0,0,0,0,0,0,0,0,0,0,0,0,0,0,0,0,0,0,0,0,0,0,0,0,0,0,0,0,0,0,0,0,0,0,0,0,0,0,0,0,0,0,0,0,0,0,0,0,0,0,0,0,0,0,0,0,0,0,0,0,0,0,0,0,0,0,0,0,0,0,0
600864,哈投股份,沪市,19901231,0.0,0,0.0,0.0,0.0,0.0,0,0.0,0,0,0.0,0.0,0.0,0,0,0,0,0,0,0.0,27610336.0,0,0,0,30000.0,0,0.0,0.0,0,0,0,0,0,0,0,0,0,0,58548212.0,86158544,0,0,0,0,0.0,0.0,0.0,0,0,0.0,0,0,0,23840938.0,0,0,0,0,0,0,0,27135950.0,50976888.0,0,0,0,0,0,0,0,0,42348100.0,93324992,0.0,0.0,0.0,0.0,0.0,0,0.0,0,0,0.0,0,0,0,0,0.0,0.0,0,0,0.0,0.0,0,0.0,0.0,0,0,0,0,0,0,0,0,0,0,0,0,0,0,0,0,0,0,0,0,0,0,0,0,0,0,0,0,0,0,0,0,0,0,0,0,0,0,0,0,0,0,0,0,0,0,0,0,0,0,0,0,0,0,0,0,0,0,0,0,0,0.0,0.0,0.0,0.0,0.0,0.0,0,0.0,2.200000047683716,83.06999969482422,0.0,0,0,0,0,0,0,0,0,0,0,0,0,0,0,0.0,0.0,0.0,0.0,0,0,0,0,0,0.0,0.0,0.0,0.0,0,0.0,0.0,0.0,0.0,0.0,0.0,0.0,0,0.0,0,0,59.16999816894531,0.0,0.0,0.0,0.0,0.0,63.97999954223633,177.6300048828125,0.0,0,0,0,0,0,0,0,0,0,0,0,0,0,0,0,0,0,0,0,0,0,0,0,0,0,0,0,0,0,0,0,0,0,0,0,0,0,0,0,0,0,0,0,0,0,0,42348100.0,0,0,0,0,0.0,0,0,0,0,0,0,0.0,0,0,0,0,0,0,0,0,0,0,0,0,0.0,0,0,0,0,0,0,0,0,0,0,0,0.0,0,0,0,0,0,901231,0,0,0,0,0,0,0.0,0.0,0,0,0,0,0,0,0,0,0,0,0,0,0,0,0,0,0,0,0,0,0,0,0,0,0,0,0,0,0,0,0,0,0,0,0,0,0,0,0,0,0,0,0,0,0,0,0,0,0,0,0,0,0,0,0,0,0,0,0,0,0,0,0,0,0,0,0,0,0,0,0,0,0,0,0,0,0,0,0
